timestamp,E1_ip,E1_state,E1_voltage,E1_current,E1_power_kW,E1_flow_NLh,E1_temp_C,E2_ip,E2_state,E2_voltage,E2_current,E2_power_kW,E2_flow_NLh,E2_temp_C,E3_ip,E3_state,E3_voltage,E3_current,E3_power_kW,E3_flow_NLh,E3_temp_C,E4_ip,E4_state,E4_voltage,E4_current,E4_power_kW,E4_flow_NLh,E4_temp_C,E5_ip,E5_state,E5_voltage,E5_current,E5_power_kW,E5_flow_NLh,E5_temp_C,E6_ip,E6_state,E6_voltage,E6_current,E6_power_kW,E6_flow_NLh,E6_temp_C,E7_ip,E7_state,E7_voltage,E7_current,E7_power_kW,E7_flow_NLh,E7_temp_C,E8_ip,E8_state,E8_voltage,E8_current,E8_power_kW,E8_flow_NLh,E8_temp_C,total_flow_NLh
2025-10-15 18:38:24,10.1.10.53,Idle,0.15657664835453033,0.3425152897834778,5.3629896084477654e-05,nan,19.23738670349121,10.1.10.54,Idle,0.10485771298408508,0.15847733616828918,1.6617571030416833e-05,nan,19.11580467224121,10.1.10.55,Idle,0.11485972255468369,0.06792975217103958,7.802392487574028e-06,nan,19.32491111755371,10.1.10.56,Idle,0.10408277809619904,0.3450041115283966,3.590898638248641e-05,nan,19.445667266845703,10.1.10.57,Idle,0.10573013871908188,0.20612169802188873,2.1793275724867e-05,nan,19.1356201171875,10.1.10.58,Idle,31.761857986450195,0.24737121164798737,0.00785696929429949,nan,24.06644630432129,10.1.10.59,Idle,0.09687132388353348,0.2656037509441376,2.5729386982390913e-05,nan,18.823095321655273,10.1.10.60,Idle,0.11064345389604568,0.3851419985294342,4.261344095772235e-05,nan,19.29188346862793,0.0
2025-10-15 18:38:33,10.1.10.53,Idle,0.15615397691726685,0.340175986289978,5.311983311093371e-05,nan,19.238006591796875,10.1.10.54,Idle,0.10444529354572296,0.15854594111442566,1.6559377360179094e-05,nan,19.117042541503906,10.1.10.55,Idle,0.1150718703866005,0.07014410942792892,8.07161386847416e-06,nan,19.324703216552734,10.1.10.56,Idle,0.10458103567361832,0.3524605631828308,3.686069073176723e-05,nan,19.44546127319336,10.1.10.57,Idle,0.10512203723192215,0.20563021302223206,2.1616266909331162e-05,nan,19.13747787475586,10.1.10.58,Idle,31.753578186035156,0.244634211063385,0.007768011547980223,nan,24.0499324798584,10.1.10.59,Idle,0.09712531417608261,0.2705185115337372,2.6274195423160452e-05,nan,18.822477340698242,10.1.10.60,Idle,0.11061596125364304,0.39397597312927246,4.358003097853391e-05,nan,19.291057586669922,0.0
2025-10-15 18:38:42,10.1.10.53,Idle,0.15627628564834595,0.34435996413230896,5.381529612059488e-05,nan,19.240276336669922,10.1.10.54,Idle,0.10458448529243469,0.16340520977973938,1.7089649758916358e-05,nan,19.117042541503906,10.1.10.55,Idle,0.11495165526866913,0.06967778503894806,8.00957672568159e-06,nan,19.325529098510742,10.1.10.56,Idle,0.10431154072284698,0.35049840807914734,3.656102896764102e-05,nan,19.445667266845703,10.1.10.57,Idle,0.1055828332901001,0.2067401260137558,2.1828208259284663e-05,nan,19.1356201171875,10.1.10.58,Idle,31.750492095947266,0.24575555324554443,0.007802859750857806,nan,24.0352783203125,10.1.10.59,Idle,0.09699546545743942,0.268587201833725,2.6051740657773382e-05,nan,18.822269439697266,10.1.10.60,Idle,0.11084461212158203,0.39494943618774414,4.377801706186801e-05,nan,19.293533325195312,0.0
2025-10-15 18:38:51,10.1.10.53,Idle,0.15659849345684052,0.32186564803123474,5.0403675577201046e-05,nan,19.240070343017578,10.1.10.54,Idle,0.1044921875,0.16227759420871735,1.6956740801106207e-05,nan,19.11766242980957,10.1.10.55,Idle,0.11535897850990295,0.07290339469909668,8.410061142392067e-06,nan,19.32635498046875,10.1.10.56,Idle,0.10428619384765625,0.350494921207428,3.6551781295656836e-05,nan,19.446287155151367,10.1.10.57,Idle,0.10509043186903,0.2043396681547165,2.1474143974353433e-05,nan,19.135826110839844,10.1.10.58,Idle,31.742202758789062,0.24666044116020203,0.007829545735879491,nan,24.022066116333008,10.1.10.59,Idle,0.09702551364898682,0.2650153636932373,2.57132517872094e-05,nan,18.823715209960938,10.1.10.60,Idle,0.11114384233951569,0.39670807123184204,4.409165932380521e-05,nan,19.294153213500977,0.0
2025-10-15 18:39:00,10.1.10.53,Idle,0.15581145882606506,0.33622562885284424,5.2387805726272775e-05,nan,19.24110221862793,10.1.10.54,Idle,0.10496141016483307,0.16000978648662567,1.679485282981008e-05,nan,19.11724853515625,10.1.10.55,Idle,0.11515974998474121,0.06922834366559982,7.972318748388218e-06,nan,19.324085235595703,10.1.10.56,Idle,0.10466179996728897,0.3473425507545471,3.6353496567200325e-05,nan,19.44587516784668,10.1.10.57,Idle,0.10493846237659454,0.20662745833396912,2.1683167762350573e-05,nan,19.136859893798828,10.1.10.58,Idle,31.7300968170166,0.2479730248451233,0.007868208086344225,nan,24.006378173828125,10.1.10.59,Idle,0.09697628766298294,0.26559919118881226,2.575682356778186e-05,nan,18.821651458740234,10.1.10.60,Idle,0.11077184975147247,0.3928743898868561,4.351942288774824e-05,nan,19.29250144958496,0.0
2025-10-15 18:39:09,10.1.10.53,Idle,0.1559402048587799,0.3407990038394928,5.314426647439863e-05,nan,19.24151611328125,10.1.10.54,Idle,0.10486689954996109,0.16217924654483795,1.7007234756505896e-05,nan,19.116836547851562,10.1.10.55,Idle,0.11513222754001617,0.06544379889965057,7.53469034599763e-06,nan,19.324703216552734,10.1.10.56,Idle,0.10438968986272812,0.34319260716438293,3.5825769825071016e-05,nan,19.44690704345703,10.1.10.57,Idle,0.10522578656673431,0.20407892763614655,2.1474365682209172e-05,nan,19.13665199279785,10.1.10.58,Idle,31.72087860107422,0.24577955901622772,0.007796343554179316,nan,23.99151611328125,10.1.10.59,Idle,0.09713979065418243,0.2670784592628479,2.5943945621034637e-05,nan,18.822269439697266,10.1.10.60,Idle,0.11088341474533081,0.3956848382949829,4.387488603310175e-05,nan,19.29374122619629,0.0
2025-10-15 18:39:18,10.1.10.53,Idle,0.15616491436958313,0.3369898498058319,5.262599103834642e-05,nan,19.24110221862793,10.1.10.54,Idle,0.1046757698059082,0.159084290266037,1.665227054762397e-05,nan,19.11663055419922,10.1.10.55,Idle,0.11518742889165878,0.06972067803144455,8.030945643025256e-06,nan,19.32449722290039,10.1.10.56,Idle,0.10440423339605331,0.3427462875843048,3.578416340458257e-05,nan,19.448556900024414,10.1.10.57,Idle,0.1053372398018837,0.20283663272857666,2.136625102233669e-05,nan,19.13603401184082,10.1.10.58,Idle,31.71113395690918,0.24708499014377594,0.007835345221190863,nan,23.976240158081055,10.1.10.59,Idle,0.09688249975442886,0.2611270248889923,2.5298638924682537e-05,nan,18.822477340698242,10.1.10.60,Idle,0.1105375662446022,0.39248034358024597,4.338382197820567e-05,nan,19.294979095458984,0.0
2025-10-15 18:39:27,10.1.10.53,Idle,0.15638186037540436,0.3365006744861603,5.262260149372411e-05,nan,19.241928100585938,10.1.10.54,Idle,0.10473372042179108,0.1586322784423828,1.6614148700256238e-05,nan,19.118488311767578,10.1.10.55,Idle,0.11512397229671478,0.06458836048841476,7.435668623558489e-06,nan,19.324085235595703,10.1.10.56,Idle,0.10441159456968307,0.35160884261131287,3.671203992184791e-05,nan,19.44773292541504,10.1.10.57,Idle,0.10514092445373535,0.20576432347297668,2.1634251189546204e-05,nan,19.138097763061523,10.1.10.58,Idle,31.70333480834961,0.24786125123500824,0.007858028233919925,nan,23.963647842407227,10.1.10.59,Idle,0.09677518159151077,0.26678428053855896,2.5818097194879595e-05,nan,18.822477340698242,10.1.10.60,Idle,0.11070574074983597,0.39886122941970825,4.415622785929907e-05,nan,19.293947219848633,0.0
2025-10-15 18:39:36,10.1.10.53,Idle,0.15614844858646393,0.3377320468425751,5.273633515239906e-05,nan,19.24213409423828,10.1.10.54,Idle,0.10450813919305801,0.1575043797492981,1.6460489642355912e-05,nan,19.120346069335938,10.1.10.55,Idle,0.11521163582801819,0.07121025025844574,8.20424941999809e-06,nan,19.326560974121094,10.1.10.56,Idle,0.10463299602270126,0.3463447391986847,3.6239087719059484e-05,nan,19.448556900024414,10.1.10.57,Idle,0.10542551428079605,0.20409348607063293,2.151666073035696e-05,nan,19.135826110839844,10.1.10.58,Idle,31.692594528198242,0.2461092174053192,0.007799839636878972,nan,23.948373794555664,10.1.10.59,Idle,0.09661753475666046,0.2668328881263733,2.5780735842769964e-05,nan,18.82288932800293,10.1.10.60,Idle,0.11048461496829987,0.39668038487434387,4.3827079588318885e-05,nan,19.29374122619629,0.0
2025-10-15 18:39:45,10.1.10.53,Idle,0.1561109572649002,0.33844366669654846,5.2834764788241006e-05,nan,19.244611740112305,10.1.10.54,Idle,0.10489816218614578,0.1595325917005539,1.6734675678180876e-05,nan,19.118488311767578,10.1.10.55,Idle,0.11526380479335785,0.07015839964151382,8.086724080893838e-06,nan,19.326974868774414,10.1.10.56,Idle,0.10413453727960587,0.3500449061393738,3.645176432790675e-05,nan,19.44835090637207,10.1.10.57,Idle,0.10568397492170334,0.20551557838916779,2.1719703232500166e-05,nan,19.136240005493164,10.1.10.58,Idle,31.684846878051758,0.24735461175441742,0.007837392998018658,nan,23.932477951049805,10.1.10.59,Idle,0.09666048735380173,0.26419252157211304,2.5536977890390223e-05,nan,18.823715209960938,10.1.10.60,Idle,0.11065256595611572,0.3976607322692871,4.4002180405584565e-05,nan,19.29559898376465,0.0
2025-10-15 18:39:54,10.1.10.53,Idle,0.15608839690685272,0.31877073645591736,4.9756413234220974e-05,nan,19.245437622070312,10.1.10.54,Idle,0.10472552478313446,0.1614939272403717,1.691253627953726e-05,nan,19.11952018737793,10.1.10.55,Idle,0.11504756659269333,0.06802581995725632,7.826205051555013e-06,nan,19.326974868774414,10.1.10.56,Idle,0.10429741442203522,0.3481087386608124,3.63068413800387e-05,nan,19.44835090637207,10.1.10.57,Idle,0.1054563969373703,0.20483995974063873,2.160168410304375e-05,nan,19.1356201171875,10.1.10.58,Idle,31.677940368652344,0.24920128285884857,0.00789418337819427,nan,23.916584014892578,10.1.10.59,Idle,0.09727466851472855,0.26719170808792114,2.5990984834136642e-05,nan,18.822683334350586,10.1.10.60,Idle,0.11067911982536316,0.3954555094242096,4.3768667713162124e-05,nan,19.294979095458984,0.0
2025-10-15 18:40:03,10.1.10.53,Idle,0.15611711144447327,0.3320290744304657,5.1835420015666325e-05,nan,19.243785858154297,10.1.10.54,Idle,0.10476949065923691,0.16056643426418304,1.68224635348283e-05,nan,19.12055206298828,10.1.10.55,Idle,0.11480622738599777,0.07308808714151382,8.390967551576255e-06,nan,19.326560974121094,10.1.10.56,Idle,0.10459891706705093,0.3464305102825165,3.623625621453708e-05,nan,19.448556900024414,10.1.10.57,Idle,0.10557871311903,0.206142857670784,2.1764297631560735e-05,nan,19.1356201171875,10.1.10.58,Idle,31.66948890686035,0.24418103694915771,0.007733088640927008,nan,23.903785705566406,10.1.10.59,Idle,0.09676094353199005,0.26330479979515076,2.547762086468053e-05,nan,18.822683334350586,10.1.10.60,Idle,0.11039711534976959,0.3862719237804413,4.2643306125966784e-05,nan,19.29559898376465,0.0
2025-10-15 18:40:12,10.1.10.53,Idle,0.1555214673280716,0.33158648014068604,5.1568815937629966e-05,nan,19.245025634765625,10.1.10.54,Idle,0.10435917228460312,0.16259752213954926,1.696854282601079e-05,nan,19.121170043945312,10.1.10.55,Idle,0.11508750170469284,0.07131775468587875,8.207782213985937e-06,nan,19.327180862426758,10.1.10.56,Idle,0.10433914512395859,0.34914976358413696,3.64299878526011e-05,nan,19.449796676635742,10.1.10.57,Idle,0.10538013279438019,0.20264305174350739,2.1354551702589266e-05,nan,19.13603401184082,10.1.10.58,Idle,31.65837860107422,0.24788983166217804,0.007847790142117788,nan,23.88974952697754,10.1.10.59,Idle,0.09677121043205261,0.2669661343097687,2.5834635961522244e-05,nan,18.823509216308594,10.1.10.60,Idle,0.1110418438911438,0.39513295888900757,4.387629233719892e-05,nan,19.297868728637695,0.0
2025-10-15 18:40:21,10.1.10.53,Idle,0.15588884055614471,0.34387993812561035,5.360704484492018e-05,nan,19.243785858154297,10.1.10.54,Idle,0.10469208657741547,0.1570034623146057,1.6437020069594687e-05,nan,19.121583938598633,10.1.10.55,Idle,0.1153353601694107,0.07456280291080475,8.59972772895845e-06,nan,19.32924461364746,10.1.10.56,Idle,0.10499017685651779,0.34702029824256897,3.643372248528887e-05,nan,19.450416564941406,10.1.10.57,Idle,0.10536587238311768,0.2052919864654541,2.163076924719576e-05,nan,19.1356201171875,10.1.10.58,Idle,31.649389266967773,0.2489202320575714,0.007878173320814029,nan,23.877363204956055,10.1.10.59,Idle,0.0967412069439888,0.2671319246292114,2.5842664801900562e-05,nan,18.822269439697266,10.1.10.60,Idle,0.11072274297475815,0.3927905857563019,4.3490851069599715e-05,nan,19.297042846679688,0.0
2025-10-15 18:40:30,10.1.10.53,Idle,0.15578515827655792,0.3379519283771515,5.264789465210251e-05,nan,19.245849609375,10.1.10.54,Idle,0.10487641394138336,0.1555301994085312,1.6311449573555016e-05,nan,19.122615814208984,10.1.10.55,Idle,0.11519140750169754,0.07240334153175354,8.340242818868804e-06,nan,19.33007049560547,10.1.10.56,Idle,0.10457581281661987,0.3486831784248352,3.646382679925964e-05,nan,19.45206642150879,10.1.10.57,Idle,0.10546465218067169,0.20472164452075958,2.1590897033237023e-05,nan,19.1356201171875,10.1.10.58,Idle,31.636940002441406,0.24009457230567932,0.007595857578946607,nan,23.862089157104492,10.1.10.59,Idle,0.09699126332998276,0.2653055489063263,2.5732320356879113e-05,nan,18.822269439697266,10.1.10.60,Idle,0.11028335988521576,0.39360082149505615,4.3407621048055843e-05,nan,19.297042846679688,0.0
2025-10-15 18:40:39,10.1.10.53,Idle,0.15524595975875854,0.32871341705322266,5.103142991600862e-05,nan,19.24626350402832,10.1.10.54,Idle,0.10500229150056839,0.1590557098388672,1.6701214009330556e-05,nan,19.121789932250977,10.1.10.55,Idle,0.11480821669101715,0.06855503469705582,7.870681278759783e-06,nan,19.328418731689453,10.1.10.56,Idle,0.10429981350898743,0.3456888496875763,3.605528255455059e-05,nan,19.450416564941406,10.1.10.57,Idle,0.10524046421051025,0.20230454206466675,2.1290623918780228e-05,nan,19.136859893798828,10.1.10.58,Idle,31.62571144104004,0.248166024684906,0.007848427086154857,nan,23.844335556030273,10.1.10.59,Idle,0.0968313217163086,0.261545330286026,2.5325780020324372e-05,nan,18.823715209960938,10.1.10.60,Idle,0.11050396412611008,0.39458462595939636,4.36031653517317e-05,nan,19.297868728637695,0.0
2025-10-15 18:40:48,10.1.10.53,Idle,0.15551194548606873,0.3319418728351593,5.162092643288485e-05,nan,19.245643615722656,10.1.10.54,Idle,0.10462365299463272,0.15742547810077667,1.6470428593329812e-05,nan,19.122615814208984,10.1.10.55,Idle,0.11503319442272186,0.07122597843408585,8.193351825156791e-06,nan,19.32965850830078,10.1.10.56,Idle,0.10460977256298065,0.35379546880722046,3.701046352573645e-05,nan,19.4516544342041,10.1.10.57,Idle,0.10531530529260635,0.20237429440021515,2.1313110598134455e-05,nan,19.136445999145508,10.1.10.58,Idle,31.615400314331055,0.24772430956363678,0.007831903214445646,nan,23.83050537109375,10.1.10.59,Idle,0.09703570604324341,0.26237016916275024,2.5459274609392678e-05,nan,18.822063446044922,10.1.10.60,Idle,0.11070410162210464,0.393415242433548,4.355268097804843e-05,nan,19.298282623291016,0.0
2025-10-15 18:40:57,10.1.10.53,Idle,0.1553838551044464,0.33181264996528625,5.1558328724028436e-05,nan,19.246675491333008,10.1.10.54,Idle,0.10479597002267838,0.1568545252084732,1.643772212166861e-05,nan,19.12137794494629,10.1.10.55,Idle,0.11487124860286713,0.07165083289146423,8.230620637677877e-06,nan,19.329452514648438,10.1.10.56,Idle,0.10434123873710632,0.3506453335285187,3.658676845775144e-05,nan,19.45248031616211,10.1.10.57,Idle,0.10483825206756592,0.20347736775875092,2.1332211571136738e-05,nan,19.138303756713867,10.1.10.58,Idle,31.578739166259766,0.24735519289970398,0.0078111651179996215,nan,23.818532943725586,10.1.10.59,Idle,0.09641194343566895,0.2624264657497406,2.5301045571886505e-05,nan,18.824129104614258,10.1.10.60,Idle,0.110700823366642,0.3860686123371124,4.273811326173527e-05,nan,19.298694610595703,0.0
2025-10-15 18:41:06,10.1.10.53,Idle,0.15561804175376892,0.33604922890663147,5.229532293531403e-05,nan,19.246883392333984,10.1.10.54,Idle,0.10475146770477295,0.15981422364711761,1.67407744871344e-05,nan,19.122203826904297,10.1.10.55,Idle,0.11491278558969498,0.07301632314920425,8.39050908659239e-06,nan,19.33007049560547,10.1.10.56,Idle,0.10457230359315872,0.34911519289016724,3.6507779939894733e-05,nan,19.451448440551758,10.1.10.57,Idle,0.10543956607580185,0.20636899769306183,2.1759457568254594e-05,nan,19.136445999145508,10.1.10.58,Idle,31.576704025268555,0.24765652418136597,0.007820176764001758,nan,23.80367088317871,10.1.10.59,Idle,0.09708370268344879,0.2595128118991852,2.5194464672966266e-05,nan,18.824953079223633,10.1.10.60,Idle,0.11072097718715668,0.39436623454093933,4.3664614857992226e-05,nan,19.299726486206055,0.0
2025-10-15 18:41:15,10.1.10.53,Idle,0.15552237629890442,0.3381480872631073,5.258959407208774e-05,nan,19.248741149902344,10.1.10.54,Idle,0.10402525216341019,0.16045065224170685,1.669091955922719e-05,nan,19.123441696166992,10.1.10.55,Idle,0.11492744833230972,0.07197047770023346,8.27138335734523e-06,nan,19.3333740234375,10.1.10.56,Idle,0.10475466400384903,0.3463813066482544,3.628505739515209e-05,nan,19.451860427856445,10.1.10.57,Idle,0.10504335165023804,0.20829088985919952,2.1879573189020897e-05,nan,19.137271881103516,10.1.10.58,Idle,31.545625686645508,0.243849977850914,0.007692400124981731,nan,23.79190444946289,10.1.10.59,Idle,0.09713152796030045,0.2619701623916626,2.5445562153110223e-05,nan,18.82330322265625,10.1.10.60,Idle,0.11049116402864456,0.3939227759838104,4.3524986055846206e-05,nan,19.299314498901367,0.0
2025-10-15 18:41:24,10.1.10.53,Idle,0.15543533861637115,0.3435799777507782,5.3404470183497475e-05,nan,19.247295379638672,10.1.10.54,Idle,0.10470152646303177,0.16232620179653168,1.6995801113042998e-05,nan,19.123647689819336,10.1.10.55,Idle,0.11493722349405289,0.07741071283817291,8.89737240231503e-06,nan,19.3333740234375,10.1.10.56,Idle,0.10435307770967484,0.34978219866752625,3.650084895901329e-05,nan,19.451034545898438,10.1.10.57,Idle,0.1050453707575798,0.21051236987113953,2.2113349942170625e-05,nan,19.13933563232422,10.1.10.58,Idle,31.502504348754883,0.24248391389846802,0.007638850552089594,nan,23.779312133789062,10.1.10.59,Idle,0.09679200500249863,0.26419997215270996,2.55724450262651e-05,nan,18.823509216308594,10.1.10.60,Idle,0.1107197031378746,0.39387959241867065,4.361023154466226e-05,nan,19.29952049255371,0.0
2025-10-15 18:41:33,10.1.10.53,Idle,0.1555219292640686,0.32995909452438354,5.1315874958657304e-05,nan,19.246883392333984,10.1.10.54,Idle,0.10473228991031647,0.1617949903011322,1.694515983025502e-05,nan,19.124473571777344,10.1.10.55,Idle,0.11504166573286057,0.07611498981714249,8.756395215803791e-06,nan,19.33440589904785,10.1.10.56,Idle,0.10465783625841141,0.35374313592910767,3.702199119760552e-05,nan,19.45206642150879,10.1.10.57,Idle,0.10546875,0.20264221727848053,2.1372421353589743e-05,nan,19.139955520629883,10.1.10.58,Idle,31.453250885009766,0.24701324105262756,0.007769369442747688,nan,23.763418197631836,10.1.10.59,Idle,0.09673982858657837,0.2623744308948517,2.5382057470269004e-05,nan,18.82330322265625,10.1.10.60,Idle,0.11079979687929153,0.3824087381362915,4.2370810510367287e-05,nan,19.297456741333008,0.0
2025-10-15 18:41:42,10.1.10.53,Idle,0.1550067812204361,0.3319453299045563,5.145377712966104e-05,nan,19.248327255249023,10.1.10.54,Idle,0.10428500175476074,0.161484494805336,1.6840410824141116e-05,nan,19.124887466430664,10.1.10.55,Idle,0.11469428986310959,0.07666078209877014,8.792553963169026e-06,nan,19.335025787353516,10.1.10.56,Idle,0.10442408174276352,0.349025696516037,3.644668786331562e-05,nan,19.453306198120117,10.1.10.57,Idle,0.10515781491994858,0.2071143537759781,2.1779692881639057e-05,nan,19.13789176940918,10.1.10.58,Idle,31.404277801513672,0.24789613485336304,0.007784999084856509,nan,23.752891540527344,10.1.10.59,Idle,0.09700703620910645,0.2621317207813263,2.54286213293895e-05,nan,18.824541091918945,10.1.10.60,Idle,0.11056558787822723,0.39343127608299255,4.3499960329797195e-05,nan,19.301998138427734,0.0
2025-10-15 18:41:51,10.1.10.53,Idle,0.1551133543252945,0.3394509553909302,5.265337631961309e-05,nan,19.24812126159668,10.1.10.54,Idle,0.10416556894779205,0.1580524742603302,1.6463625904933556e-05,nan,19.124887466430664,10.1.10.55,Idle,0.11547461152076721,0.0787181705236435,9.089950160843241e-06,nan,19.33481788635254,10.1.10.56,Idle,0.10454340279102325,0.34933245182037354,3.652040321863303e-05,nan,19.452274322509766,10.1.10.57,Idle,0.10492875427007675,0.20801755785942078,2.1827023212492637e-05,nan,19.140987396240234,10.1.10.58,Idle,31.359107971191406,0.24401380121707916,0.007652055138827223,nan,23.739885330200195,10.1.10.59,Idle,0.0970039963722229,0.2636149823665619,2.5571706793149574e-05,nan,18.8243350982666,10.1.10.60,Idle,0.11068736761808395,0.39236658811569214,4.343002477981495e-05,nan,19.2999324798584,0.0
2025-10-15 18:42:00,10.1.10.53,Idle,0.15542376041412354,0.3399406969547272,5.283486143850169e-05,nan,19.24915313720703,10.1.10.54,Idle,0.10442718863487244,0.16079917550086975,1.6791805832361284e-05,nan,19.12529945373535,10.1.10.55,Idle,0.11500006914138794,0.06778223067522049,7.794961214207864e-06,nan,19.335851669311523,10.1.10.56,Idle,0.10433945059776306,0.3527364730834961,3.680432980732462e-05,nan,19.452686309814453,10.1.10.57,Idle,0.10506878048181534,0.2087491899728775,2.1933022817017036e-05,nan,19.13789176940918,10.1.10.58,Idle,31.24968147277832,0.2387905865907669,0.007462129769659356,nan,23.72543716430664,10.1.10.59,Idle,0.0967157781124115,0.2648572623729706,2.5615876219124978e-05,nan,18.82392120361328,10.1.10.60,Idle,0.1106540709733963,0.3957894444465637,4.3795713276311153e-05,nan,19.301172256469727,0.0
2025-10-15 18:42:09,10.1.10.53,Idle,0.15527886152267456,0.3352026343345642,5.2049883438872515e-05,nan,19.24812126159668,10.1.10.54,Idle,0.10461694002151489,0.1612817794084549,1.687280624293752e-05,nan,19.125919342041016,10.1.10.55,Idle,0.11517932265996933,0.07320845872163773,8.432100688538558e-06,nan,19.33626365661621,10.1.10.56,Idle,0.10447465628385544,0.34874263405799866,3.643476682473579e-05,nan,19.45392417907715,10.1.10.57,Idle,0.1052645668387413,0.20781542360782623,2.187560054848736e-05,nan,19.13747787475586,10.1.10.58,Idle,31.273740768432617,0.2399536371231079,0.007504247843830626,nan,23.713050842285156,10.1.10.59,Idle,0.09722056984901428,0.26474663615226746,2.5738818832333088e-05,nan,18.82330322265625,10.1.10.60,Idle,0.11063030362129211,0.38799992203712463,4.292454918000477e-05,nan,19.301998138427734,0.0
2025-10-15 18:42:18,10.1.10.53,Idle,0.1553587168455124,0.32655254006385803,5.073278360696376e-05,nan,19.24997901916504,10.1.10.54,Idle,0.1046651303768158,0.1581553965806961,1.6553355202915565e-05,nan,19.124679565429688,10.1.10.55,Idle,0.11476149410009384,0.07618103176355362,8.74264902727212e-06,nan,19.334611892700195,10.1.10.56,Idle,0.10485824197530746,0.34926068782806396,3.662286171673745e-05,nan,19.454750061035156,10.1.10.57,Idle,0.10513079166412354,0.20835691690444946,2.1904727622860776e-05,nan,19.13789176940918,10.1.10.58,Idle,31.219017028808594,0.24027898907661438,0.007501273851647739,nan,23.700458526611328,10.1.10.59,Idle,0.09690960496664047,0.26246482133865356,2.5435362153568784e-05,nan,18.825572967529297,10.1.10.60,Idle,0.11064638942480087,0.40091779828071594,4.4360106835901856e-05,nan,19.303647994995117,0.0
2025-10-15 18:42:27,10.1.10.53,Idle,0.15502430498600006,0.3346794545650482,5.188344983704019e-05,nan,19.250804901123047,10.1.10.54,Idle,0.10503461956977844,0.15664951503276825,1.64536222172571e-05,nan,19.12612533569336,10.1.10.55,Idle,0.11538895964622498,0.07780469954013824,8.977803335523671e-06,nan,19.335851669311523,10.1.10.56,Idle,0.10455121845006943,0.34785032272338867,3.636817507898016e-05,nan,19.45392417907715,10.1.10.57,Idle,0.10512937605381012,0.20524480938911438,2.1577258749360785e-05,nan,19.136445999145508,10.1.10.58,Idle,31.161096572875977,0.24352803826332092,0.007588600718526379,nan,23.68724822998047,10.1.10.59,Idle,0.0970626100897789,0.2650505304336548,2.572649628957091e-05,nan,18.82619285583496,10.1.10.60,Idle,0.1103953868150711,0.3963870108127594,4.375929738714435e-05,nan,19.301584243774414,0.0
2025-10-15 18:42:36,10.1.10.53,Idle,0.15474095940589905,0.33826756477355957,5.234384750895771e-05,nan,19.25142478942871,10.1.10.54,Idle,0.10451551526784897,0.15844616293907166,1.656008236179063e-05,nan,19.125505447387695,10.1.10.55,Idle,0.1149117723107338,0.07680603116750717,8.825917165611707e-06,nan,19.3366756439209,10.1.10.56,Idle,0.10435568541288376,0.34251874685287476,3.5743778594593766e-05,nan,19.45681381225586,10.1.10.57,Idle,0.10493916273117065,0.20113947987556458,2.1107408610324897e-05,nan,19.137065887451172,10.1.10.58,Idle,31.108312606811523,0.2449578493833542,0.007620225354109635,nan,23.676307678222656,10.1.10.59,Idle,0.09694702923297882,0.2645719349384308,2.564946311070182e-05,nan,18.824953079223633,10.1.10.60,Idle,0.1107616201043129,0.3974705636501312,4.4024483573662955e-05,nan,19.30323600769043,0.0
2025-10-15 18:42:45,10.1.10.53,Idle,0.15537957847118378,0.33473318815231323,5.201070167542188e-05,nan,19.252456665039062,10.1.10.54,Idle,0.10436663031578064,0.15789835155010223,1.6479318883700688e-05,nan,19.127363204956055,10.1.10.55,Idle,0.11496716737747192,0.07487930357456207,8.60866142716521e-06,nan,19.337295532226562,10.1.10.56,Idle,0.10457634180784225,0.34997373819351196,3.6598973269093e-05,nan,19.45392417907715,10.1.10.57,Idle,0.1050930842757225,0.20942422747612,2.200903798752596e-05,nan,19.13850975036621,10.1.10.58,Idle,31.032386779785156,0.24238468706607819,0.0075217753585317265,nan,23.663715362548828,10.1.10.59,Idle,0.09666801244020462,0.26438865065574646,2.5557925370638612e-05,nan,18.82516098022461,10.1.10.60,Idle,0.11063115298748016,0.39827483892440796,4.40616046361102e-05,nan,19.304473876953125,0.0
2025-10-15 18:42:54,10.1.10.53,Idle,0.15497924387454987,0.3308817446231842,5.1279802593592994e-05,nan,19.252248764038086,10.1.10.54,Idle,0.10440923273563385,0.1599837690591812,1.670378257762395e-05,nan,19.126331329345703,10.1.10.55,Idle,0.11519817262887955,0.06808385998010635,7.843136255228755e-06,nan,19.337295532226562,10.1.10.56,Idle,0.10477977246046066,0.3507451117038727,3.6750992995950636e-05,nan,19.455781936645508,10.1.10.57,Idle,0.10550212860107422,0.20569255948066711,2.170100286261345e-05,nan,19.13789176940918,10.1.10.58,Idle,30.96237564086914,0.24063551425933838,0.007450647185031358,nan,23.651330947875977,10.1.10.59,Idle,0.09669478982686996,0.2633150815963745,2.546119647320655e-05,nan,18.825572967529297,10.1.10.60,Idle,0.11038210242986679,0.39438652992248535,4.3533214342863504e-05,nan,19.302824020385742,0.0
2025-10-15 18:43:03,10.1.10.53,Idle,0.1550315022468567,0.33955585956573486,5.264185500519858e-05,nan,19.25286865234375,10.1.10.54,Idle,0.10415934771299362,0.16264383494853973,1.6940875757779694e-05,nan,19.126951217651367,10.1.10.55,Idle,0.11513737589120865,0.07866984605789185,9.057839636871012e-06,nan,19.338327407836914,10.1.10.56,Idle,0.10415712743997574,0.34822970628738403,3.627060589616038e-05,nan,19.45392417907715,10.1.10.57,Idle,0.10510985553264618,0.20549386739730835,2.1599430714975832e-05,nan,19.137683868408203,10.1.10.58,Idle,30.888639450073242,0.24508795142173767,0.007570433365023121,nan,23.63791275024414,10.1.10.59,Idle,0.09682413935661316,0.2665412724018097,2.580762930332181e-05,nan,18.82619285583496,10.1.10.60,Idle,0.11052433401346207,0.3895789682865143,4.305795601551865e-05,nan,19.30323600769043,0.0
2025-10-15 18:43:12,10.1.10.53,Idle,0.15473704040050507,0.3434073030948639,5.313782973281844e-05,nan,19.25472640991211,10.1.10.54,Idle,0.10443440824747086,0.15761330723762512,1.6460252473288195e-05,nan,19.127777099609375,10.1.10.55,Idle,0.11504511535167694,0.07618989050388336,8.765274741650898e-06,nan,19.338327407836914,10.1.10.56,Idle,0.10416899621486664,0.3483486473560333,3.628712892788455e-05,nan,19.454132080078125,10.1.10.57,Idle,0.1049676164984703,0.20953142642974854,2.199401441385529e-05,nan,19.13850975036621,10.1.10.58,Idle,30.803979873657227,0.24698036909103394,0.007607978318668642,nan,23.624908447265625,10.1.10.59,Idle,0.0970328077673912,0.2660755217075348,2.5818054949455548e-05,nan,18.82701873779297,10.1.10.60,Idle,0.11071843653917313,0.3922404944896698,4.342825429724839e-05,nan,19.3046817779541,0.0
2025-10-15 18:43:21,10.1.10.53,Idle,0.1550900787115097,0.3375608026981354,5.235233146037421e-05,nan,19.256790161132812,10.1.10.54,Idle,0.10500090569257736,0.15820886194705963,1.66120737930332e-05,nan,19.128395080566406,10.1.10.55,Idle,0.115030437707901,0.07359728962182999,8.465928439314263e-06,nan,19.340185165405273,10.1.10.56,Idle,0.10427901893854141,0.35127460956573486,3.663057166353401e-05,nan,19.45433807373047,10.1.10.57,Idle,0.10504668951034546,0.2072993814945221,2.1776113763541715e-05,nan,19.137271881103516,10.1.10.58,Idle,30.740440368652344,0.24467480182647705,0.0075214111552586475,nan,23.61293601989746,10.1.10.59,Idle,0.09694159775972366,0.26372650265693665,2.5566068539147447e-05,nan,18.82577896118164,10.1.10.60,Idle,0.11065232008695602,0.39936357736587524,4.419050639376065e-05,nan,19.30509376525879,0.0
2025-10-15 18:43:30,10.1.10.53,Idle,0.15506230294704437,0.33580878376960754,5.20712833611614e-05,nan,19.255346298217773,10.1.10.54,Idle,0.10453173518180847,0.159934863448143,1.6718268792299983e-05,nan,19.128189086914062,10.1.10.55,Idle,0.11496005952358246,0.07348721474409103,8.448094581202992e-06,nan,19.338741302490234,10.1.10.56,Idle,0.10457834601402283,0.3530358076095581,3.691990084353236e-05,nan,19.454132080078125,10.1.10.57,Idle,0.10503803193569183,0.20251382887363434,2.1271654024648034e-05,nan,19.13892364501953,10.1.10.58,Idle,30.680179595947266,0.2450210452079773,0.0075172896717674575,nan,23.599931716918945,10.1.10.59,Idle,0.09701551496982574,0.26123112440109253,2.5343472059918605e-05,nan,18.824953079223633,10.1.10.60,Idle,0.11073372513055801,0.3947261571884155,4.370949779194344e-05,nan,19.304473876953125,0.0
2025-10-15 18:43:39,10.1.10.53,Idle,0.15479904413223267,0.33930855989456177,5.2524640737562576e-05,nan,19.256378173828125,10.1.10.54,Idle,0.10412944108247757,0.16175353527069092,1.6843305220851866e-05,nan,19.128395080566406,10.1.10.55,Idle,0.11498202383518219,0.07714568078517914,8.870366506822824e-06,nan,19.339153289794922,10.1.10.56,Idle,0.10476139932870865,0.3534349501132965,3.7026339945541275e-05,nan,19.4549560546875,10.1.10.57,Idle,0.10517260432243347,0.2035888433456421,2.1411968865653107e-05,nan,19.139955520629883,10.1.10.58,Idle,30.643070220947266,0.242796391248703,0.0074400268664265926,nan,23.58878517150879,10.1.10.59,Idle,0.09676726162433624,0.26401156187057495,2.554767587937956e-05,nan,18.825986862182617,10.1.10.60,Idle,0.11050308495759964,0.38609206676483154,4.266436445516941e-05,nan,19.30736541748047,0.0
2025-10-15 18:43:48,10.1.10.53,Idle,0.15487071871757507,0.3404902219772339,5.2731965393920885e-05,nan,19.254932403564453,10.1.10.54,Idle,0.10425735265016556,0.16378633677959442,1.7075929872908956e-05,nan,19.128808975219727,10.1.10.55,Idle,0.11476468294858932,0.08001046627759933,9.182375794917485e-06,nan,19.339359283447266,10.1.10.56,Idle,0.10451392084360123,0.35093382000923157,3.6677469485787426e-05,nan,19.455575942993164,10.1.10.57,Idle,0.10526169836521149,0.20668235421180725,2.1755735626455053e-05,nan,19.140575408935547,10.1.10.58,Idle,30.589759826660156,0.2433856576681137,0.007445108813321326,nan,23.57660484313965,10.1.10.59,Idle,0.0971427783370018,0.26238617300987244,2.5488921843392244e-05,nan,18.82516098022461,10.1.10.60,Idle,0.11059818416833878,0.3927445411682129,4.343683309523172e-05,nan,19.304473876953125,0.0
2025-10-15 18:43:57,10.1.10.53,Idle,0.1548003852367401,0.3349764943122864,5.1854490364794616e-05,nan,19.257204055786133,10.1.10.54,Idle,0.10409095883369446,0.1640370637178421,1.707477524665402e-05,nan,19.130252838134766,10.1.10.55,Idle,0.11501025408506393,0.07579333335161209,8.717010526722856e-06,nan,19.34039306640625,10.1.10.56,Idle,0.10458450764417648,0.35642409324645996,3.7276438304703066e-05,nan,19.4549560546875,10.1.10.57,Idle,0.10510450601577759,0.2054266482591629,2.1591266387756214e-05,nan,19.138303756713867,10.1.10.58,Idle,30.53638458251953,0.24531438946723938,0.007491014540397601,nan,23.564632415771484,10.1.10.59,Idle,0.09679516404867172,0.2665824294090271,2.580388998714023e-05,nan,18.825366973876953,10.1.10.60,Idle,0.11035405844449997,0.3950389325618744,4.3594149451785965e-05,nan,19.306745529174805,0.0
2025-10-15 18:44:06,10.1.10.53,Idle,0.15479673445224762,0.3430390954017639,5.3101331757646086e-05,nan,19.25761604309082,10.1.10.54,Idle,0.10419890284538269,0.16156311333179474,1.6834699149457233e-05,nan,19.12901496887207,10.1.10.55,Idle,0.11469098180532455,0.0747663676738739,8.575028114534477e-06,nan,19.340805053710938,10.1.10.56,Idle,0.10437679290771484,0.34810134768486023,3.63337022781991e-05,nan,19.455163955688477,10.1.10.57,Idle,0.10514026135206223,0.20419268310070038,2.146887206738646e-05,nan,19.14036750793457,10.1.10.58,Idle,30.47815704345703,0.24531380832195282,0.007476712774964994,nan,23.55265998840332,10.1.10.59,Idle,0.09706652164459229,0.266434907913208,2.5861909755832356e-05,nan,18.826398849487305,10.1.10.60,Idle,0.11038694530725479,0.3898225724697113,4.303132298674739e-05,nan,19.30839729309082,0.0
2025-10-15 18:44:15,10.1.10.53,Idle,0.15473520755767822,0.3319784700870514,5.136875747360037e-05,nan,19.25885581970215,10.1.10.54,Idle,0.10460076481103897,0.16169491410255432,1.6913411681182432e-05,nan,19.130046844482422,10.1.10.55,Idle,0.11479209363460541,0.0808950662612915,9.286114020843782e-06,nan,19.34101104736328,10.1.10.56,Idle,0.10426858067512512,0.3572803735733032,3.725311745556681e-05,nan,19.455781936645508,10.1.10.57,Idle,0.10540763288736343,0.20458440482616425,2.1564757838396064e-05,nan,19.139955520629883,10.1.10.58,Idle,30.365684509277344,0.24605430662631989,0.00747160744716382,nan,23.540481567382812,10.1.10.59,Idle,0.09687045961618423,0.2606704533100128,2.5251266620500034e-05,nan,18.82619285583496,10.1.10.60,Idle,0.11047961562871933,0.3864128887653351,4.2690747424777295e-05,nan,19.307157516479492,0.0
2025-10-15 18:44:24,10.1.10.53,Idle,0.1551302820444107,0.3393820524215698,5.264843351296911e-05,nan,19.2598876953125,10.1.10.54,Idle,0.10446888953447342,0.16339749097824097,1.7069954435215972e-05,nan,19.130460739135742,10.1.10.55,Idle,0.11486181616783142,0.07524296641349792,8.642543776109513e-06,nan,19.34183692932129,10.1.10.56,Idle,0.1043846383690834,0.3494696617126465,3.647926425884052e-05,nan,19.45722770690918,10.1.10.57,Idle,0.10511060059070587,0.20383386313915253,2.1425099775280064e-05,nan,19.13974952697754,10.1.10.58,Idle,30.36693000793457,0.24555283784866333,0.007456685840200066,nan,23.52768325805664,10.1.10.59,Idle,0.09694729000329971,0.2631604075431824,2.5512688347475444e-05,nan,18.82660484313965,10.1.10.60,Idle,0.1109614223241806,0.3868914544582367,4.2930026071756886e-05,nan,19.306745529174805,0.0
2025-10-15 18:44:33,10.1.10.53,Idle,0.1548544019460678,0.33176204562187195,5.1374813163179044e-05,nan,19.25885581970215,10.1.10.54,Idle,0.10433382540941238,0.15935133397579193,1.662573425778724e-05,nan,19.130460739135742,10.1.10.55,Idle,0.11500006914138794,0.07567697763442993,8.702857660370711e-06,nan,19.342042922973633,10.1.10.56,Idle,0.10454525053501129,0.3522721529006958,3.6828380481511044e-05,nan,19.456195831298828,10.1.10.57,Idle,0.10480739176273346,0.20776309072971344,2.1775107643945414e-05,nan,19.14078140258789,10.1.10.58,Idle,30.315471649169922,0.24579070508480072,0.007451261151627761,nan,23.51880645751953,10.1.10.59,Idle,0.09709054231643677,0.26461881399154663,2.5691984157571568e-05,nan,18.824953079223633,10.1.10.60,Idle,0.11058910936117172,0.3889619708061218,4.301495792681509e-05,nan,19.308809280395508,0.0
2025-10-15 18:44:42,10.1.10.53,Idle,0.15473175048828125,0.3230192959308624,4.998134110087449e-05,nan,19.25802993774414,10.1.10.54,Idle,0.10434918850660324,0.1578780561685562,1.6474447044188768e-05,nan,19.131078720092773,10.1.10.55,Idle,0.11466073989868164,0.07741215080022812,8.876134487902476e-06,nan,19.34286880493164,10.1.10.56,Idle,0.10441672801971436,0.3483251929283142,3.637097693241031e-05,nan,19.45867347717285,10.1.10.57,Idle,0.10500755906105042,0.20858138799667358,2.1902622419096574e-05,nan,19.14036750793457,10.1.10.58,Idle,30.255626678466797,0.24469397962093353,0.007403369697879327,nan,23.50518226623535,10.1.10.59,Idle,0.09663821011781693,0.2633473873138428,2.5449420149213255e-05,nan,18.82577896118164,10.1.10.60,Idle,0.11054439097642899,0.38463279604911804,4.251899818881078e-05,nan,19.307571411132812,0.0
2025-10-15 18:44:51,10.1.10.53,Idle,0.15448246896266937,0.3407606780529022,5.264155087100564e-05,nan,19.2598876953125,10.1.10.54,Idle,0.10440687090158463,0.16079972684383392,1.678859632159424e-05,nan,19.131078720092773,10.1.10.55,Idle,0.11502498388290405,0.07548398524522781,8.682544186249696e-06,nan,19.343074798583984,10.1.10.56,Idle,0.10445686429738998,0.3524113595485687,3.681178556122355e-05,nan,19.458465576171875,10.1.10.57,Idle,0.10481720417737961,0.20694510638713837,2.1691407469690228e-05,nan,19.14078140258789,10.1.10.58,Idle,30.201433181762695,0.2455405443906784,0.007415676344828711,nan,23.49610137939453,10.1.10.59,Idle,0.0972261130809784,0.26770803332328796,2.602821152057633e-05,nan,18.82660484313965,10.1.10.60,Idle,0.11102338880300522,0.3891352415084839,4.3203113214947745e-05,nan,19.30695152282715,0.0
2025-10-15 18:45:00,10.1.10.53,Idle,0.15489716827869415,0.3424469530582428,5.3044063314388714e-05,nan,19.262157440185547,10.1.10.54,Idle,0.10440622270107269,0.16012528538703918,1.6718076206192034e-05,nan,19.1323184967041,10.1.10.55,Idle,0.11522100865840912,0.07784215360879898,8.96905145494864e-06,nan,19.34410858154297,10.1.10.56,Idle,0.10426083207130432,0.3526709973812103,3.676977163438178e-05,nan,19.459291458129883,10.1.10.57,Idle,0.10539252310991287,0.20471933484077454,2.1575887228252322e-05,nan,19.139129638671875,10.1.10.58,Idle,30.14455795288086,0.245258629322052,0.007393212965042722,nan,23.483715057373047,10.1.10.59,Idle,0.09685809910297394,0.2607593536376953,2.525665531666732e-05,nan,18.82701873779297,10.1.10.60,Idle,0.11056583374738693,0.3931722640991211,4.347141918646713e-05,nan,19.307571411132812,0.0
2025-10-15 18:45:09,10.1.10.53,Idle,0.1550123542547226,0.3333139419555664,5.16677788484543e-05,nan,19.261125564575195,10.1.10.54,Idle,0.10428117215633392,0.164414182305336,1.7145303649925614e-05,nan,19.13190460205078,10.1.10.55,Idle,0.11500925570726395,0.0744321346282959,8.560384404303178e-06,nan,19.345346450805664,10.1.10.56,Idle,0.10430626571178436,0.3553053140640259,3.706057049757128e-05,nan,19.458053588867188,10.1.10.57,Idle,0.10477054119110107,0.20886468887329102,2.1882866488965646e-05,nan,19.140987396240234,10.1.10.58,Idle,30.0925350189209,0.24860632419586182,0.007481194516789174,nan,23.473806381225586,10.1.10.59,Idle,0.09710104018449783,0.26140296459198,2.5382499769192714e-05,nan,18.82763671875,10.1.10.60,Idle,0.11081475764513016,0.38561519980430603,4.2731854910592616e-05,nan,19.31087303161621,0.0
2025-10-15 18:45:18,10.1.10.53,Idle,0.15438154339790344,0.32365116477012634,4.996576633974126e-05,nan,19.261125564575195,10.1.10.54,Idle,0.10404866188764572,0.16057302057743073,1.6707407926339068e-05,nan,19.1323184967041,10.1.10.55,Idle,0.1148296371102333,0.07652554661035538,8.787400746929352e-06,nan,19.343900680541992,10.1.10.56,Idle,0.10442707687616348,0.35732898116111755,3.73148209857932e-05,nan,19.45867347717285,10.1.10.57,Idle,0.10478382557630539,0.20433561503887177,2.1411067445260225e-05,nan,19.14036750793457,10.1.10.58,Idle,30.03974151611328,0.2489488571882248,0.007478359320666072,nan,23.462247848510742,10.1.10.59,Idle,0.09725158661603928,0.26829731464385986,2.609233953393808e-05,nan,18.827430725097656,10.1.10.60,Idle,0.11092754453420639,0.38655808568000793,4.287993926432665e-05,nan,19.310047149658203,0.0
2025-10-15 18:45:27,10.1.10.53,Idle,0.15494538843631744,0.3298044204711914,5.110167403792332e-05,nan,19.26277732849121,10.1.10.54,Idle,0.10384975373744965,0.16177354753017426,1.6800143072242203e-05,nan,19.133350372314453,10.1.10.55,Idle,0.11479724943637848,0.07464084774255753,8.568564016445124e-06,nan,19.34369468688965,10.1.10.56,Idle,0.10461485385894775,0.35313501954078674,3.6943168461736065e-05,nan,19.460323333740234,10.1.10.57,Idle,0.10478009283542633,0.20394909381866455,2.1369804984020747e-05,nan,19.14036750793457,10.1.10.58,Idle,29.908992767333984,0.24674679338932037,0.007379948058844036,nan,23.44903564453125,10.1.10.59,Idle,0.09707068651914597,0.26694580912590027,2.591261295526004e-05,nan,18.82577896118164,10.1.10.60,Idle,0.11068857461214066,0.3946884274482727,4.36874994501566e-05,nan,19.31087303161621,0.0
2025-10-15 18:45:36,10.1.10.53,Idle,0.15422017872333527,0.33203279972076416,5.1206157714945633e-05,nan,19.26174545288086,10.1.10.54,Idle,0.1040700301527977,0.15806132555007935,1.6449446915987932e-05,nan,19.13314437866211,10.1.10.55,Idle,0.11509045958518982,0.07528585940599442,8.664684159301883e-06,nan,19.344314575195312,10.1.10.56,Idle,0.10469546169042587,0.3521854877471924,3.687222224036013e-05,nan,19.462181091308594,10.1.10.57,Idle,0.10500851273536682,0.20804929733276367,2.1846947288551634e-05,nan,19.142019271850586,10.1.10.58,Idle,29.911855697631836,0.2488950937986374,0.007444914129553382,nan,23.438095092773438,10.1.10.59,Idle,0.09693823009729385,0.2622935473918915,2.5426272250110626e-05,nan,18.826810836791992,10.1.10.60,Idle,0.11060445755720139,0.3822978138923645,4.22838423308689e-05,nan,19.31025505065918,0.0
2025-10-15 18:45:45,10.1.10.53,Idle,0.15449699759483337,0.33561867475509644,5.18520775864193e-05,nan,19.261539459228516,10.1.10.54,Idle,0.1040688306093216,0.1577657014131546,1.6418492056326394e-05,nan,19.133556365966797,10.1.10.55,Idle,0.11490695923566818,0.07506684958934784,8.625703425713227e-06,nan,19.34514045715332,10.1.10.56,Idle,0.1046973317861557,0.3574124872684479,3.742013376405984e-05,nan,19.46011734008789,10.1.10.57,Idle,0.10485559701919556,0.2052207887172699,2.1518548321699527e-05,nan,19.14222526550293,10.1.10.58,Idle,29.865041732788086,0.25014621019363403,0.007470627006731661,nan,23.427980422973633,10.1.10.59,Idle,0.09686646610498428,0.25947993993759155,2.513490480688807e-05,nan,18.826810836791992,10.1.10.60,Idle,0.11061929911375046,0.3932969272136688,4.350623043196777e-05,nan,19.309635162353516,0.0
2025-10-15 18:55:03,10.1.10.53,Idle,0.15335533022880554,0.3430202007293701,5.260397615800372e-05,nan,19.236974716186523,10.1.10.54,Idle,0.10419970750808716,0.16725380718708038,1.7427797788507783e-05,nan,19.113121032714844,10.1.10.55,Idle,0.11533414572477341,0.07173518091440201,8.273515809174626e-06,nan,19.328832626342773,10.1.10.56,Idle,0.10528023540973663,0.3495385944843292,3.679950551209865e-05,nan,19.458053588867188,10.1.10.57,Idle,0.1049392968416214,0.203979954123497,2.140551295550597e-05,nan,19.12612533569336,10.1.10.58,Idle,5.643215179443359,0.2527293860912323,0.0014262063078814436,nan,22.800867080688477,10.1.10.59,Idle,0.09740941971540451,0.26094263792037964,2.541827093883109e-05,nan,18.850963592529297,10.1.10.60,Idle,0.11294980347156525,0.39167895913124084,4.424006145782089e-05,nan,19.352983474731445,0.0
2025-10-15 18:55:12,10.1.10.53,Idle,0.15334196388721466,0.33048689365386963,5.067750931186943e-05,nan,19.246675491333008,10.1.10.54,Idle,0.104069285094738,0.1696173995733261,1.7651961513224567e-05,nan,19.134794235229492,10.1.10.55,Idle,0.11489847302436829,0.07972713559865952,9.160526138892733e-06,nan,19.437204360961914,10.1.10.56,Idle,0.10569045692682266,0.35319504141807556,3.732934531176446e-05,nan,19.518329620361328,10.1.10.57,Idle,0.10500314831733704,0.20169560611248016,2.1178673643583945e-05,nan,19.20848846435547,10.1.10.58,Idle,5.51663064956665,0.2521921396255493,0.0013912508870380976,nan,22.79343605041504,10.1.10.59,Idle,0.09728042781352997,0.2643583416938782,2.5716892576055804e-05,nan,18.988027572631836,10.1.10.60,Idle,0.11293633282184601,0.3942003846168518,4.451954583558848e-05,nan,19.41016387939453,0.0
2025-10-15 18:55:21,10.1.10.53,Idle,0.15337185561656952,0.3432086110115051,5.2638541534419934e-05,nan,19.27536964416504,10.1.10.54,Idle,0.10411392897367477,0.1648484617471695,1.7163021037764346e-05,nan,19.156057357788086,10.1.10.55,Idle,0.1148529127240181,0.07654698938131332,8.791644690698318e-06,nan,19.49810028076172,10.1.10.56,Idle,0.10502734035253525,0.35053011775016785,3.6815245980761136e-05,nan,19.582733154296875,10.1.10.57,Idle,0.10500264167785645,0.2038721889257431,2.1407118401850055e-05,nan,19.262571334838867,10.1.10.58,Idle,5.405411720275879,0.2532142698764801,0.001368727382131425,nan,22.783321380615234,10.1.10.59,Idle,0.09736476093530655,0.26680687069892883,2.597758718149845e-05,nan,19.03240966796875,10.1.10.60,Idle,0.11345629394054413,0.3909533619880676,4.4356119554762154e-05,nan,19.475393295288086,0.0
2025-10-15 18:55:30,10.1.10.53,Idle,0.15304459631443024,0.3482362926006317,5.329568282309749e-05,nan,19.304061889648438,10.1.10.54,Idle,0.10382088273763657,0.16287772357463837,1.6910109039815713e-05,nan,19.159358978271484,10.1.10.55,Idle,0.11478623747825623,0.07402586936950684,8.497151020982585e-06,nan,19.467342376708984,10.1.10.56,Idle,0.10512159764766693,0.35522186756134033,3.734149023743605e-05,nan,19.61823844909668,10.1.10.57,Idle,0.10503342002630234,0.19564977288246155,2.0549764773214242e-05,nan,19.27412986755371,10.1.10.58,Idle,5.3011555671691895,0.2512112259864807,0.0013317097891736296,nan,22.772794723510742,10.1.10.59,Idle,0.09710022062063217,0.2661927342414856,2.584737322245756e-05,nan,19.05078125,10.1.10.60,Idle,0.1130480170249939,0.38857975602149963,4.3928170874286465e-05,nan,19.430805206298828,0.0
2025-10-15 18:55:40,10.1.10.53,Idle,0.1531532108783722,0.34139424562454224,5.228562489279831e-05,nan,19.317272186279297,10.1.10.54,Idle,0.1041673794388771,0.16537025570869446,1.722618617431171e-05,nan,19.163074493408203,10.1.10.55,Idle,0.11491411924362183,0.07550857961177826,8.677001921424398e-06,nan,19.365575790405273,10.1.10.56,Idle,0.10505493730306625,0.3485645055770874,3.66184222794752e-05,nan,19.583559036254883,10.1.10.57,Idle,0.1050475612282753,0.20128390192985535,2.114438301224264e-05,nan,19.26360321044922,10.1.10.58,Idle,5.200058937072754,0.24835070967674255,0.001291438327382906,nan,22.767221450805664,10.1.10.59,Idle,0.09718617796897888,0.26280730962753296,2.5541237965009956e-05,nan,19.00990867614746,10.1.10.60,Idle,0.1136632040143013,0.39309588074684143,4.468053729050969e-05,nan,19.32635498046875,0.0
2025-10-15 18:55:49,10.1.10.53,Idle,0.15317097306251526,0.3466249406337738,5.309287944461172e-05,nan,19.319955825805664,10.1.10.54,Idle,0.10439180582761765,0.1650114357471466,1.7225841759852534e-05,nan,19.158327102661133,10.1.10.55,Idle,0.11510094255208969,0.07459167391061783,8.58557197365023e-06,nan,19.3366756439209,10.1.10.56,Idle,0.1048923134803772,0.3552530109882355,3.726331019342588e-05,nan,19.555072784423828,10.1.10.57,Idle,0.10439373552799225,0.2025001049041748,2.1139742395757112e-05,nan,19.220666885375977,10.1.10.58,Idle,5.1032328605651855,0.24956896901130676,0.0012736085636358752,nan,22.75813865661621,10.1.10.59,Idle,0.09679453819990158,0.26895400881767273,2.603327908051889e-05,nan,18.96181297302246,10.1.10.60,Idle,0.11335170269012451,0.3928062915802002,4.452526197800921e-05,nan,19.272891998291016,0.0
2025-10-15 18:55:58,10.1.10.53,Idle,0.15374726057052612,0.35070621967315674,5.3920120539793e-05,nan,19.3160343170166,10.1.10.54,Idle,0.10399868339300156,0.16304239630699158,1.6956194553167103e-05,nan,19.15440559387207,10.1.10.55,Idle,0.11466345936059952,0.07213573157787323,8.271332526226582e-06,nan,19.315622329711914,10.1.10.56,Idle,0.10518977046012878,0.34843212366104126,3.6651495108840135e-05,nan,19.520187377929688,10.1.10.57,Idle,0.10524121671915054,0.20405173301696777,2.1474652656356952e-05,nan,19.180620193481445,10.1.10.58,Idle,5.013980865478516,0.2544056475162506,0.0012755850487161525,nan,22.748023986816406,10.1.10.59,Idle,0.09675835818052292,0.26497533917427063,2.5638578776829625e-05,nan,18.91185760498047,10.1.10.60,Idle,0.11369942128658295,0.39478445053100586,4.4886763558317e-05,nan,19.253074645996094,0.0
2025-10-15 18:56:07,10.1.10.53,Idle,0.1535412073135376,0.32924318313598633,5.05523958384515e-05,nan,19.31273078918457,10.1.10.54,Idle,0.1039840430021286,0.16447077691555023,1.7102336339380077e-05,nan,19.15584945678711,10.1.10.55,Idle,0.11465789377689362,0.07010407745838165,8.037985866550245e-06,nan,19.302410125732422,10.1.10.56,Idle,0.10558964312076569,0.3470343351364136,3.66432315977061e-05,nan,19.492733001708984,10.1.10.57,Idle,0.10512323677539825,0.20013225078582764,2.1038549985751942e-05,nan,19.150896072387695,10.1.10.58,Idle,4.895812034606934,0.246194988489151,0.001205324387505101,nan,22.73976707458496,10.1.10.59,Idle,0.09682034701108932,0.2672208547592163,2.5872415886387224e-05,nan,18.870986938476562,10.1.10.60,Idle,0.11414778977632523,0.40280047059059143,4.5978783438779704e-05,nan,19.23346519470215,0.0
2025-10-15 18:56:17,10.1.10.53,Idle,0.1530778408050537,0.3319544494152069,5.0814870362110297e-05,nan,19.310047149658203,10.1.10.54,Idle,0.10382281988859177,0.1656801700592041,1.7201382455168003e-05,nan,19.158946990966797,10.1.10.55,Idle,0.11479984223842621,0.06959030032157898,7.988955498241967e-06,nan,19.31314468383789,10.1.10.56,Idle,0.10523149371147156,0.34747835993766785,3.656566684865315e-05,nan,19.476425170898438,10.1.10.57,Idle,0.10508866608142853,0.205050989985466,2.1548535016248983e-05,nan,19.135826110839844,10.1.10.58,Idle,4.795283317565918,0.2514699697494507,0.001205869750808347,nan,22.730684280395508,10.1.10.59,Idle,0.09699464589357376,0.2611284852027893,2.5328064954969865e-05,nan,18.844358444213867,10.1.10.60,Idle,0.11404215544462204,0.39333608746528625,4.485689522869562e-05,nan,19.214887619018555,0.0
2025-10-15 18:56:26,10.1.10.53,Idle,0.15346287190914154,0.3359377086162567,5.1553965546827116e-05,nan,19.309223175048828,10.1.10.54,Idle,0.10391749441623688,0.16677691042423248,1.7331038657767417e-05,nan,19.158946990966797,10.1.10.55,Idle,0.11528881639242172,0.07475978881120682,8.618967565791447e-06,nan,19.31500244140625,10.1.10.56,Idle,0.10513234883546829,0.3524957299232483,3.705870404130396e-05,nan,19.47002601623535,10.1.10.57,Idle,0.10493399947881699,0.20565739274024963,2.1580452742620216e-05,nan,19.129634857177734,10.1.10.58,Idle,4.7050557136535645,0.24964214861392975,0.0011745802177047225,nan,22.72283935546875,10.1.10.59,Idle,0.09688213467597961,0.2630589008331299,2.5485707858230457e-05,nan,18.83052635192871,10.1.10.60,Idle,0.11437751352787018,0.39155346155166626,4.47849113455101e-05,nan,19.213855743408203,0.0
2025-10-15 18:56:35,10.1.10.53,Idle,0.15345081686973572,0.34577661752700806,5.3059704413973564e-05,nan,19.310667037963867,10.1.10.54,Idle,0.10403463244438171,0.16723206639289856,1.739792656009964e-05,nan,19.162248611450195,10.1.10.55,Idle,0.11464628577232361,0.07609925419092178,8.724496843033114e-06,nan,19.31314468383789,10.1.10.56,Idle,0.10519598424434662,0.34733137488365173,3.6537865839827874e-05,nan,19.461563110351562,10.1.10.57,Idle,0.10500490665435791,0.2053726315498352,2.1565134005250287e-05,nan,19.130460739135742,10.1.10.58,Idle,4.616288185119629,0.2542089521884918,0.0011735017825393755,nan,22.713550567626953,10.1.10.59,Idle,0.09721828252077103,0.2662539482116699,2.5884751559512864e-05,nan,18.822683334350586,10.1.10.60,Idle,0.11413300037384033,0.3975520730018616,4.537381089654247e-05,nan,19.228511810302734,0.0
2025-10-15 18:56:44,10.1.10.53,Idle,0.15318766236305237,0.3340893089771271,5.117836026269362e-05,nan,19.309429168701172,10.1.10.54,Idle,0.10402010381221771,0.16488449275493622,1.7151302053393323e-05,nan,19.1610107421875,10.1.10.55,Idle,0.1147962287068367,0.07566297054290771,8.685823671082282e-06,nan,19.318098068237305,10.1.10.56,Idle,0.1049841046333313,0.3454889953136444,3.627085283367215e-05,nan,19.451860427856445,10.1.10.57,Idle,0.10504933446645737,0.20478621125221252,2.151265519995227e-05,nan,19.134794235229492,10.1.10.58,Idle,4.5372700691223145,0.2509990632534027,0.0011388505370774028,nan,22.70302391052246,10.1.10.59,Idle,0.09754501283168793,0.2666553258895874,2.601089718553773e-05,nan,18.81731605529785,10.1.10.60,Idle,0.11465467512607574,0.3982242941856384,4.565827707716519e-05,nan,19.255346298217773,0.0
2025-10-15 18:56:54,10.1.10.53,Idle,0.15308146178722382,0.3334474563598633,5.104462404879939e-05,nan,19.310667037963867,10.1.10.54,Idle,0.10384735465049744,0.16443705558776855,1.7076353229306563e-05,nan,19.161836624145508,10.1.10.55,Idle,0.11508931964635849,0.0754619762301445,8.684867503497008e-06,nan,19.332136154174805,10.1.10.56,Idle,0.10543452948331833,0.3496735095977783,3.686766195722235e-05,nan,19.441333770751953,10.1.10.57,Idle,0.10520844161510468,0.20695540308952332,2.177345544287457e-05,nan,19.144908905029297,10.1.10.58,Idle,4.460399150848389,0.24887335300445557,0.0011100744924098648,nan,22.694353103637695,10.1.10.59,Idle,0.09730730950832367,0.26738241314888,2.6018263233360538e-05,nan,18.814838409423828,10.1.10.60,Idle,0.11454695463180542,0.38876017928123474,4.4531294618780135e-05,nan,19.286516189575195,0.0
2025-10-15 18:57:03,10.1.10.53,Idle,0.15336939692497253,0.3320047855377197,5.091937373412492e-05,nan,19.311492919921875,10.1.10.54,Idle,0.10401520878076553,0.16644898056983948,1.731322546531744e-05,nan,19.163280487060547,10.1.10.55,Idle,0.11478649079799652,0.07615243643522263,8.741270944116698e-06,nan,19.351539611816406,10.1.10.56,Idle,0.10537384450435638,0.3521929383277893,3.711192391888485e-05,nan,19.432043075561523,10.1.10.57,Idle,0.10489524900913239,0.2074074149131775,2.175605243365819e-05,nan,19.157501220703125,10.1.10.58,Idle,4.387606620788574,0.2473897784948349,0.0010854490300393565,nan,22.6871280670166,10.1.10.59,Idle,0.09769800305366516,0.26215630769729614,2.5612147749948023e-05,nan,18.81153678894043,10.1.10.60,Idle,0.11439353227615356,0.3938063681125641,4.504890148123941e-05,nan,19.313556671142578,0.0
2025-10-15 18:57:12,10.1.10.53,Idle,0.15329520404338837,0.33595314621925354,5.150000609869876e-05,nan,19.31169891357422,10.1.10.54,Idle,0.10398334264755249,0.16197596490383148,1.6842802259263046e-05,nan,19.16390037536621,10.1.10.55,Idle,0.11458172649145126,0.0717337504029274,8.21937696887426e-06,nan,19.370737075805664,10.1.10.56,Idle,0.10489966720342636,0.3494425117969513,3.665640319422958e-05,nan,19.425851821899414,10.1.10.57,Idle,0.10498533397912979,0.20342904329299927,2.135706605117038e-05,nan,19.171125411987305,10.1.10.58,Idle,4.318492889404297,0.25002098083496094,0.0010797138279376667,nan,22.67845916748047,10.1.10.59,Idle,0.0968359187245369,0.26307520270347595,2.5475128947434865e-05,nan,18.809059143066406,10.1.10.60,Idle,0.1148567795753479,0.3944393992424011,4.5304039134617115e-05,nan,19.329038619995117,0.0
2025-10-15 18:57:21,10.1.10.53,Idle,0.15336744487285614,0.3242938816547394,4.973612401728777e-05,nan,19.314176559448242,10.1.10.54,Idle,0.10420834273099899,0.16785763204097748,1.7492165649740098e-05,nan,19.165964126586914,10.1.10.55,Idle,0.11511411517858505,0.07102927565574646,8.176472218887065e-06,nan,19.386425018310547,10.1.10.56,Idle,0.10487050563097,0.3443261981010437,3.610966249684599e-05,nan,19.42048454284668,10.1.10.57,Idle,0.10521826148033142,0.2011660933494568,2.1166346611019905e-05,nan,19.181859970092773,10.1.10.58,Idle,4.247744083404541,0.24364811182022095,0.0010349548254170316,nan,22.669788360595703,10.1.10.59,Idle,0.09740174561738968,0.26273927092552185,2.5591263630386106e-05,nan,18.8102970123291,10.1.10.60,Idle,0.11485031992197037,0.40108928084373474,4.606523222217596e-05,nan,19.33812141418457,0.0
2025-10-15 18:57:31,10.1.10.53,Idle,0.1537143439054489,0.3343692123889923,5.139734410455565e-05,nan,19.315828323364258,10.1.10.54,Idle,0.10453421622514725,0.16594263911247253,1.734668371795478e-05,nan,19.166584014892578,10.1.10.55,Idle,0.11490251123905182,0.07708564400672913,8.857334076852741e-06,nan,19.39736557006836,10.1.10.56,Idle,0.10491735488176346,0.3458881080150604,3.628966537799783e-05,nan,19.415117263793945,10.1.10.57,Idle,0.10490910708904266,0.19967736303806305,2.0947973862217805e-05,nan,19.1917667388916,10.1.10.58,Idle,4.181046009063721,0.24787040054798126,0.001036357548976163,nan,22.659467697143555,10.1.10.59,Idle,0.09718017280101776,0.2642248272895813,2.5677414374320584e-05,nan,18.81112289428711,10.1.10.60,Idle,0.11510368436574936,0.39343875646591187,4.528625044150525e-05,nan,19.343074798583984,0.0
2025-10-15 18:57:40,10.1.10.53,Idle,0.15312737226486206,0.33946865797042847,5.198194356129093e-05,nan,19.31644630432129,10.1.10.54,Idle,0.10417946428060532,0.16394387185573578,1.707958474201876e-05,nan,19.168235778808594,10.1.10.55,Idle,0.11490020900964737,0.07354525476694107,8.450365144389294e-06,nan,19.40211296081543,10.1.10.56,Idle,0.10534496605396271,0.34627437591552734,3.647826237617835e-05,nan,19.410369873046875,10.1.10.57,Idle,0.10469081252813339,0.2024211883544922,2.119163868174212e-05,nan,19.198165893554688,10.1.10.58,Idle,4.117861270904541,0.24921157956123352,0.0010262187117361491,nan,22.65265655517578,10.1.10.59,Idle,0.09708695113658905,0.2662733793258667,2.585167056758486e-05,nan,18.810091018676758,10.1.10.60,Idle,0.11489368230104446,0.3937475085258484,4.5239101151396624e-05,nan,19.340805053710938,0.0
2025-10-15 18:57:49,10.1.10.53,Idle,0.15336978435516357,0.34028521180152893,5.218946955325165e-05,nan,19.31686019897461,10.1.10.54,Idle,0.1043822392821312,0.16762834787368774,1.7497422318219602e-05,nan,19.171125411987305,10.1.10.55,Idle,0.11486084759235382,0.07305749505758286,8.391445805288167e-06,nan,19.40582847595215,10.1.10.56,Idle,0.10536135733127594,0.34891873598098755,3.6762551621269954e-05,nan,19.403764724731445,10.1.10.57,Idle,0.10452139377593994,0.2016129493713379,2.1072866471570252e-05,nan,19.203533172607422,10.1.10.58,Idle,4.056169033050537,0.2527688145637512,0.0010252730381543813,nan,22.643367767333984,10.1.10.59,Idle,0.09724161773920059,0.2629282474517822,2.556756813154415e-05,nan,18.809885025024414,10.1.10.60,Idle,0.11514486372470856,0.3889825642108917,4.4789344347350826e-05,nan,19.339153289794922,0.0
2025-10-15 18:57:58,10.1.10.53,Idle,0.15314002335071564,0.3378061354160309,5.1731639465625976e-05,nan,19.318511962890625,10.1.10.54,Idle,0.10418593883514404,0.16689728200435638,1.7388350014657662e-05,nan,19.17050552368164,10.1.10.55,Idle,0.11478211730718613,0.07339058071374893,8.423926244728042e-06,nan,19.406448364257812,10.1.10.56,Idle,0.10554040223360062,0.3437206447124481,3.62764150989443e-05,nan,19.397571563720703,10.1.10.57,Idle,0.1046002134680748,0.20273971557617188,2.1206617527724346e-05,nan,19.20766258239746,10.1.10.58,Idle,3.997544288635254,0.25012075901031494,0.0009998688116507992,nan,22.63387107849121,10.1.10.59,Idle,0.09745943546295166,0.2718348205089569,2.6492868145975735e-05,nan,18.80864715576172,10.1.10.60,Idle,0.11550024151802063,0.39123809337615967,4.518809427599635e-05,nan,19.336469650268555,0.0
2025-10-15 18:58:08,10.1.10.53,Idle,0.15321485698223114,0.3300611972808838,5.0570279136774586e-05,nan,19.31789207458496,10.1.10.54,Idle,0.10405232012271881,0.16417859494686127,1.7083163718708992e-05,nan,19.171125411987305,10.1.10.55,Idle,0.11476857215166092,0.07482868432998657,8.587981256539923e-06,nan,19.408098220825195,10.1.10.56,Idle,0.10537990182638168,0.3449840843677521,3.635438894233789e-05,nan,19.393030166625977,10.1.10.57,Idle,0.10513682663440704,0.19942748546600342,2.0967172965574932e-05,nan,19.210346221923828,10.1.10.58,Idle,3.9409244060516357,0.248495951294899,0.000979303759263086,nan,22.626853942871094,10.1.10.59,Idle,0.09719056636095047,0.2647649049758911,2.573265106711009e-05,nan,18.806169509887695,10.1.10.60,Idle,0.11542397737503052,0.3903443515300751,4.5055097599478346e-05,nan,19.33234214782715,0.0
2025-10-15 18:58:17,10.1.10.53,Idle,0.15310026705265045,0.3276918828487396,5.016971477512788e-05,nan,19.319337844848633,10.1.10.54,Idle,0.10403531789779663,0.16769924759864807,1.744664453514666e-05,nan,19.170299530029297,10.1.10.55,Idle,0.11481477320194244,0.0772271677851677,8.866819754282385e-06,nan,19.407272338867188,10.1.10.56,Idle,0.10513467341661453,0.3494102358818054,3.673513103785586e-05,nan,19.389108657836914,10.1.10.57,Idle,0.10544644296169281,0.2035948485136032,2.146835258108415e-05,nan,19.213441848754883,10.1.10.58,Idle,3.8848884105682373,0.2521003782749176,0.000979381837860096,nan,22.617977142333984,10.1.10.59,Idle,0.09739242494106293,0.26354408264160156,2.5667197287333466e-05,nan,18.808027267456055,10.1.10.60,Idle,0.11494988203048706,0.3898683190345764,4.481531728044885e-05,nan,19.3273868560791,0.0
2025-10-15 18:58:26,10.1.10.53,Idle,0.15309388935565948,0.33208712935447693,5.084051023783287e-05,nan,19.318511962890625,10.1.10.54,Idle,0.10410726070404053,0.16616736352443695,1.729922903494163e-05,nan,19.16802978515625,10.1.10.55,Idle,0.11485695093870163,0.06718525290489197,7.716693296701438e-06,nan,19.407066345214844,10.1.10.56,Idle,0.10529344528913498,0.35046693682670593,3.690187123841348e-05,nan,19.385393142700195,10.1.10.57,Idle,0.1049225926399231,0.20800155401229858,2.1824062320103366e-05,nan,19.21612548828125,10.1.10.58,Idle,3.8312132358551025,0.24913983047008514,0.0009545078160756866,nan,22.610340118408203,10.1.10.59,Idle,0.09728331118822098,0.2651294469833374,2.5792670496040948e-05,nan,18.8082332611084,10.1.10.60,Idle,0.1154329925775528,0.3906150758266449,4.5089867148577324e-05,nan,19.322845458984375,0.0
2025-10-15 18:58:35,10.1.10.53,Idle,0.1529751420021057,0.3343712389469147,5.1150487759324294e-05,nan,19.318098068237305,10.1.10.54,Idle,0.10421647876501083,0.16577766835689545,1.7276764854029404e-05,nan,19.164520263671875,10.1.10.55,Idle,0.11509290337562561,0.07396353781223297,8.51267831074276e-06,nan,19.404796600341797,10.1.10.56,Idle,0.10550077259540558,0.35276076197624207,3.721653292983751e-05,nan,19.383535385131836,10.1.10.57,Idle,0.1048765778541565,0.2057245969772339,2.157569171139784e-05,nan,19.216331481933594,10.1.10.58,Idle,3.778735637664795,0.2519828677177429,0.000952176642326009,nan,22.602907180786133,10.1.10.59,Idle,0.09714554995298386,0.2654722332954407,2.5789446100732417e-05,nan,18.809059143066406,10.1.10.60,Idle,0.11565260589122772,0.39446571469306946,4.5620987838999036e-05,nan,19.318098068237305,0.0
2025-10-15 18:58:45,10.1.10.53,Idle,0.1532110869884491,0.34211301803588867,5.24155073661774e-05,nan,19.313762664794922,10.1.10.54,Idle,0.10425121337175369,0.1682787835597992,1.7543267370831785e-05,nan,19.16059684753418,10.1.10.55,Idle,0.11561421304941177,0.07401242107152939,8.556887818066572e-06,nan,19.401287078857422,10.1.10.56,Idle,0.10555417835712433,0.3442727327346802,3.633942543457103e-05,nan,19.38043785095215,10.1.10.57,Idle,0.10501712560653687,0.2011297643184662,2.112206972264552e-05,nan,19.216537475585938,10.1.10.58,Idle,3.7266571521759033,0.24997980892658234,0.0009315890428358138,nan,22.590728759765625,10.1.10.59,Idle,0.097614586353302,0.2675493657588959,2.6116720667642924e-05,nan,18.809885025024414,10.1.10.60,Idle,0.11581342667341232,0.3979080319404602,4.6083092679898294e-05,nan,19.312938690185547,0.0
2025-10-15 18:58:54,10.1.10.53,Idle,0.15289130806922913,0.3324076235294342,5.082223637359906e-05,nan,19.31211280822754,10.1.10.54,Idle,0.10429781675338745,0.16941554844379425,1.7669671826765487e-05,nan,19.15584945678711,10.1.10.55,Idle,0.11497317999601364,0.07251570373773575,8.337361058376292e-06,nan,19.39839744567871,10.1.10.56,Idle,0.10536029189825058,0.3492409288883209,3.679612621048967e-05,nan,19.380643844604492,10.1.10.57,Idle,0.10507141053676605,0.20281633734703064,2.1310198644953094e-05,nan,19.2171573638916,10.1.10.58,Idle,3.6772353649139404,0.2495969831943512,0.0009178268535780987,nan,22.582677841186523,10.1.10.59,Idle,0.0972309410572052,0.2638036906719208,2.5649881098394723e-05,nan,18.810710906982422,10.1.10.60,Idle,0.11554277688264847,0.3825642764568329,4.420253883792369e-05,nan,19.3046817779541,0.0
2025-10-15 18:59:03,10.1.10.53,Idle,0.1534438580274582,0.32629549503326416,5.006803961488338e-05,nan,19.310047149658203,10.1.10.54,Idle,0.10398910939693451,0.16750341653823853,1.7418531106755175e-05,nan,19.150070190429688,10.1.10.55,Idle,0.11511456966400146,0.07719114422798157,8.885825349675969e-06,nan,19.395299911499023,10.1.10.56,Idle,0.1055254191160202,0.3502330780029297,3.695849234455295e-05,nan,19.37899398803711,10.1.10.57,Idle,0.10480264574289322,0.19948840141296387,2.090691226309893e-05,nan,19.215505599975586,10.1.10.58,Idle,3.6287853717803955,0.2557925879955292,0.0009282164015280258,nan,22.57400894165039,10.1.10.59,Idle,0.09731805324554443,0.26484182476997375,2.5773890804611454e-05,nan,18.810504913330078,10.1.10.60,Idle,0.11522132158279419,0.3944416642189026,4.54480898386187e-05,nan,19.301172256469727,0.0
2025-10-15 18:59:12,10.1.10.53,Idle,0.15306757390499115,0.32914999127388,5.038219061514182e-05,nan,19.309635162353516,10.1.10.54,Idle,0.10395659506320953,0.16865816712379456,1.753312878379143e-05,nan,19.144908905029297,10.1.10.55,Idle,0.11438193917274475,0.07192644476890564,8.22708623046875e-06,nan,19.390758514404297,10.1.10.56,Idle,0.10544910281896591,0.3525494635105133,3.717602462649139e-05,nan,19.375896453857422,10.1.10.57,Idle,0.10474252700805664,0.19819293916225433,2.075922928300855e-05,nan,19.216537475585938,10.1.10.58,Idle,3.582730293273926,0.2569344937801361,0.0009205269942530947,nan,22.5655460357666,10.1.10.59,Idle,0.09789509326219559,0.2627146542072296,2.5718475574962207e-05,nan,18.81298065185547,10.1.10.60,Idle,0.11547384411096573,0.3904193043708801,4.508321789083469e-05,nan,19.294567108154297,0.0
2025-10-15 18:59:22,10.1.10.53,Idle,0.15292617678642273,0.3146090507507324,4.811195931371515e-05,nan,19.307777404785156,10.1.10.54,Idle,0.10424771904945374,0.16828136146068573,1.754294809081314e-05,nan,19.1436710357666,10.1.10.55,Idle,0.11475173383951187,0.0784694254398346,9.004502622611321e-06,nan,19.3874568939209,10.1.10.56,Idle,0.10544037073850632,0.35187873244285583,3.710222400377039e-05,nan,19.375070571899414,10.1.10.57,Idle,0.10500845313072205,0.20140881836414337,2.114962846330526e-05,nan,19.21426773071289,10.1.10.58,Idle,3.5369598865509033,0.2513195872306824,0.0008889072987394542,nan,22.560178756713867,10.1.10.59,Idle,0.09735656529664993,0.25794917345046997,2.511304554824756e-05,nan,18.81256866455078,10.1.10.60,Idle,0.11571197956800461,0.39736708998680115,4.5980132597550185e-05,nan,19.288785934448242,0.0
2025-10-15 18:59:31,10.1.10.53,Idle,0.1527775228023529,0.3133545219898224,4.7873527628520485e-05,nan,19.3079833984375,10.1.10.54,Idle,0.10423178970813751,0.16606900095939636,1.730966918504029e-05,nan,19.140161514282227,10.1.10.55,Idle,0.11507968604564667,0.0776960551738739,8.94123763639465e-06,nan,19.383121490478516,10.1.10.56,Idle,0.10528887063264847,0.3455919027328491,3.638698113852978e-05,nan,19.375070571899414,10.1.10.57,Idle,0.10483432561159134,0.2014308124780655,2.1116863383532913e-05,nan,19.213647842407227,10.1.10.58,Idle,3.4932701587677,0.25634580850601196,0.0008954851631792309,nan,22.5515079498291,10.1.10.59,Idle,0.09746628254652023,0.26331964135169983,2.5664786564033148e-05,nan,18.811948776245117,10.1.10.60,Idle,0.11613411456346512,0.39196741580963135,4.55207887727811e-05,nan,19.282386779785156,0.0
2025-10-15 18:59:40,10.1.10.53,Idle,0.1531471461057663,0.3231325149536133,4.9486822479124724e-05,nan,19.30736541748047,10.1.10.54,Idle,0.10434596240520477,0.16489334404468536,1.7205954678555236e-05,nan,19.139129638671875,10.1.10.55,Idle,0.11463654786348343,0.07156620174646378,8.204102311916205e-06,nan,19.379199981689453,10.1.10.56,Idle,0.1054488867521286,0.34912344813346863,3.681467894473878e-05,nan,19.374452590942383,10.1.10.57,Idle,0.10489960759878159,0.19970734417438507,2.0949222038487815e-05,nan,19.212203979492188,10.1.10.58,Idle,3.451201915740967,0.2573350667953491,0.0008881152755114385,nan,22.54387092590332,10.1.10.59,Idle,0.09729345142841339,0.26341572403907776,2.5628624952276357e-05,nan,18.812362670898438,10.1.10.60,Idle,0.11579173803329468,0.38825926184654236,4.49572147367352e-05,nan,19.276195526123047,0.0
2025-10-15 18:59:49,10.1.10.53,Idle,0.15294721722602844,0.3177340030670166,4.8596531587186576e-05,nan,19.30695152282715,10.1.10.54,Idle,0.10393970459699631,0.17019177973270416,1.7689683310254333e-05,nan,19.13974952697754,10.1.10.55,Idle,0.11481443047523499,0.07341745495796204,8.429383277939628e-06,nan,19.37197494506836,10.1.10.56,Idle,0.1058262288570404,0.34436994791030884,3.644337291904343e-05,nan,19.374038696289062,10.1.10.57,Idle,0.10478661209344864,0.20265422761440277,2.1235449938127872e-05,nan,19.209726333618164,10.1.10.58,Idle,3.409400463104248,0.25745514035224915,0.0008777676747455275,nan,22.536027908325195,10.1.10.59,Idle,0.09727361798286438,0.26816749572753906,2.608562253482205e-05,nan,18.811742782592773,10.1.10.60,Idle,0.11584007740020752,0.39667949080467224,4.595138291788814e-05,nan,19.270414352416992,0.0
2025-10-15 18:59:59,10.1.10.53,Idle,0.15321052074432373,0.3186089098453522,4.88142369911877e-05,nan,19.30612564086914,10.1.10.54,Idle,0.10417306423187256,0.16879627108573914,1.7584024789915275e-05,nan,19.13974952697754,10.1.10.55,Idle,0.11482836306095123,0.070745088160038,8.123542668019845e-06,nan,19.36495590209961,10.1.10.56,Idle,0.10574349015951157,0.34717386960983276,3.67113766647269e-05,nan,19.374038696289062,10.1.10.57,Idle,0.10462180525064468,0.19779352843761444,2.069351601203795e-05,nan,19.2091064453125,10.1.10.58,Idle,3.3678815364837646,0.25492459535598755,0.0008585558378950253,nan,22.528594970703125,10.1.10.59,Idle,0.09717603772878647,0.26960617303848267,2.6199259643101325e-05,nan,18.812774658203125,10.1.10.60,Idle,0.11596076935529709,0.39357054233551025,4.563874288480729e-05,nan,19.265666961669922,0.0
2025-10-15 19:00:08,10.1.10.53,Idle,0.15333537757396698,0.3261030912399292,5.000314062331235e-05,nan,19.30736541748047,10.1.10.54,Idle,0.1041337102651596,0.16826505959033966,1.7522064963130245e-05,nan,19.13850975036621,10.1.10.55,Idle,0.11481839418411255,0.07348378747701645,8.437290476677627e-06,nan,19.361446380615234,10.1.10.56,Idle,0.10547986626625061,0.3485359251499176,3.676352277379724e-05,nan,19.372594833374023,10.1.10.57,Idle,0.10507062822580338,0.20300331711769104,2.1329686061477782e-05,nan,19.20766258239746,10.1.10.58,Idle,3.3281562328338623,0.25625288486480713,0.000852849635944466,nan,22.520545959472656,10.1.10.59,Idle,0.09738615155220032,0.26266491413116455,2.5579925135023273e-05,nan,18.81256866455078,10.1.10.60,Idle,0.1159551665186882,0.3931422829627991,4.5586878886488605e-05,nan,19.25947380065918,0.0
2025-10-15 19:00:17,10.1.10.53,Idle,0.1530214548110962,0.32153430581092834,4.9201647246864156e-05,nan,19.305505752563477,10.1.10.54,Idle,0.10397724062204361,0.16893550753593445,1.756544791667092e-05,nan,19.13933563232422,10.1.10.55,Idle,0.11495495587587357,0.07541994750499725,8.66989673759766e-06,nan,19.357318878173828,10.1.10.56,Idle,0.10559991747140884,0.3495314419269562,3.6910491421149105e-05,nan,19.37197494506836,10.1.10.57,Idle,0.10525183379650116,0.20361657440662384,2.1431017847658883e-05,nan,19.205184936523438,10.1.10.58,Idle,3.289114236831665,0.25240257382392883,0.0008301808989772397,nan,22.512081146240234,10.1.10.59,Idle,0.09762246161699295,0.26210570335388184,2.558740396525927e-05,nan,18.8102970123291,10.1.10.60,Idle,0.11627526581287384,0.3823727071285248,4.446048816095738e-05,nan,19.252456665039062,0.0
2025-10-15 19:00:26,10.1.10.53,Idle,0.1531260460615158,0.3179893493652344,4.869245175797232e-05,nan,19.305299758911133,10.1.10.54,Idle,0.10388030856847763,0.16576537489891052,1.72197582944682e-05,nan,19.142019271850586,10.1.10.55,Idle,0.11476308107376099,0.07456508278846741,8.557318641324585e-06,nan,19.351125717163086,10.1.10.56,Idle,0.10539107769727707,0.3420006334781647,3.604381533541523e-05,nan,19.37383270263672,10.1.10.57,Idle,0.10513825714588165,0.20462268590927124,2.1513672569009934e-05,nan,19.204153060913086,10.1.10.58,Idle,3.25095534324646,0.251308411359787,0.0008169924227128789,nan,22.503206253051758,10.1.10.59,Idle,0.09748539328575134,0.26303631067276,2.5642198194367083e-05,nan,18.81112289428711,10.1.10.60,Idle,0.11572868376970291,0.3959730267524719,4.582543719436893e-05,nan,19.245849609375,0.0
2025-10-15 19:00:36,10.1.10.53,Idle,0.15282997488975525,0.337117075920105,5.152159424777736e-05,nan,19.306745529174805,10.1.10.54,Idle,0.10409735143184662,0.17007456719875336,1.770431199130784e-05,nan,19.14263916015625,10.1.10.55,Idle,0.11453140527009964,0.07365075498819351,8.435324468001603e-06,nan,19.346378326416016,10.1.10.56,Idle,0.10558246821165085,0.3494585454463959,3.689669576588384e-05,nan,19.375070571899414,10.1.10.57,Idle,0.10498157888650894,0.20168842375278473,2.1173569168698614e-05,nan,19.204153060913086,10.1.10.58,Idle,3.214736223220825,0.2533966898918152,0.0008146035178394726,nan,22.495361328125,10.1.10.59,Idle,0.09744903445243835,0.26628822088241577,2.594953001104905e-05,nan,18.812362670898438,10.1.10.60,Idle,0.11643368750810623,0.3932228982448578,4.578439205527363e-05,nan,19.240690231323242,0.0
2025-10-15 19:00:45,10.1.10.53,Idle,0.1526995152235031,0.3369452655315399,5.145137870352068e-05,nan,19.305299758911133,10.1.10.54,Idle,0.10388483107089996,0.16607186198234558,1.7252347327665784e-05,nan,19.145116806030273,10.1.10.55,Idle,0.1148490458726883,0.07489331066608429,8.60142527224661e-06,nan,19.34225082397461,10.1.10.56,Idle,0.10569579154253006,0.34711724519729614,3.668883198919071e-05,nan,19.374658584594727,10.1.10.57,Idle,0.10509184747934341,0.20647908747196198,2.1699268768277436e-05,nan,19.200231552124023,10.1.10.58,Idle,3.1773264408111572,0.2516389489173889,0.0007995390859331479,nan,22.487518310546875,10.1.10.59,Idle,0.09709783643484116,0.25994110107421875,2.5239718514797004e-05,nan,18.811742782592773,10.1.10.60,Idle,0.11599232256412506,0.3959009647369385,4.592147240521527e-05,nan,19.23635482788086,0.0
2025-10-15 19:00:54,10.1.10.53,Idle,0.15301668643951416,0.3323249816894531,5.085126751919234e-05,nan,19.304061889648438,10.1.10.54,Idle,0.10400724411010742,0.16369225084781647,1.7025179892861787e-05,nan,19.14449691772461,10.1.10.55,Idle,0.11475732177495956,0.07638402283191681,8.765625886588135e-06,nan,19.33708953857422,10.1.10.56,Idle,0.10560807585716248,0.3442138731479645,3.6351764826497936e-05,nan,19.374658584594727,10.1.10.57,Idle,0.10526180267333984,0.19961243867874146,2.1011565131345833e-05,nan,19.198991775512695,10.1.10.58,Idle,3.1416189670562744,0.25111544132232666,0.0007889090333789284,nan,22.48111915588379,10.1.10.59,Idle,0.09741728007793427,0.26582249999046326,2.5895704932587637e-05,nan,18.81112289428711,10.1.10.60,Idle,0.1159302219748497,0.384001225233078,4.451734727988499e-05,nan,19.229129791259766,0.0
2025-10-15 19:01:03,10.1.10.53,Idle,0.15291917324066162,0.3293921649456024,5.037037753543317e-05,nan,19.3046817779541,10.1.10.54,Idle,0.1040215939283371,0.1675548553466797,1.7429323123593575e-05,nan,19.144290924072266,10.1.10.55,Idle,0.11492660641670227,0.07443070411682129,8.554068237351941e-06,nan,19.332548141479492,10.1.10.56,Idle,0.10539133846759796,0.34796640276908875,3.667264492958955e-05,nan,19.377342224121094,10.1.10.57,Idle,0.10493523627519608,0.20163093507289886,2.1158189812263363e-05,nan,19.19672203063965,10.1.10.58,Idle,3.116492986679077,0.2523651421070099,0.0007864941954587649,nan,22.471416473388672,10.1.10.59,Idle,0.09767575562000275,0.2703598439693451,2.6407602049011823e-05,nan,18.81153678894043,10.1.10.60,Idle,0.11636142432689667,0.39556217193603516,4.6028177736317845e-05,nan,19.22417640686035,0.0
2025-10-15 19:01:13,10.1.10.53,Idle,0.15292416512966156,0.32544437050819397,4.976830865611381e-05,nan,19.30426788330078,10.1.10.54,Idle,0.10367080569267273,0.17101292312145233,1.7729047523860063e-05,nan,19.145322799682617,10.1.10.55,Idle,0.11447391659021378,0.07672596722841263,8.783121972808783e-06,nan,19.32821273803711,10.1.10.56,Idle,0.10572832822799683,0.3496134877204895,3.696404958264665e-05,nan,19.376928329467773,10.1.10.57,Idle,0.10486502945423126,0.20019085705280304,2.099302012130999e-05,nan,19.195070266723633,10.1.10.58,Idle,3.0722243785858154,0.25473958253860474,0.0007826171556658749,nan,22.464811325073242,10.1.10.59,Idle,0.0973052829504013,0.2597218155860901,2.5272304753996444e-05,nan,18.81112289428711,10.1.10.60,Idle,0.11605940014123917,0.38942718505859375,4.5196685496591727e-05,nan,19.218809127807617,0.0
2025-10-15 19:01:22,10.1.10.53,Idle,0.1530967652797699,0.32843467593193054,5.0282286490888065e-05,nan,19.30426788330078,10.1.10.54,Idle,0.10390213131904602,0.17154210805892944,1.7823590638284868e-05,nan,19.144702911376953,10.1.10.55,Idle,0.11479027569293976,0.07722658663988113,8.864861171216654e-06,nan,19.32491111755371,10.1.10.56,Idle,0.10575901716947556,0.3468407690525055,3.668153884929804e-05,nan,19.37961196899414,10.1.10.57,Idle,0.10506025701761246,0.20264507830142975,2.128994400970241e-05,nan,19.19300651550293,10.1.10.58,Idle,3.039098024368286,0.2505439221858978,0.0007614275389326437,nan,22.45717430114746,10.1.10.59,Idle,0.09772607684135437,0.2608531415462494,2.5492154155057455e-05,nan,18.809473037719727,10.1.10.60,Idle,0.11607956141233444,0.39339590072631836,4.5665223617721295e-05,nan,19.215299606323242,0.0
2025-10-15 19:01:31,10.1.10.53,Idle,0.1526833027601242,0.3271832764148712,4.995542325090119e-05,nan,19.302616119384766,10.1.10.54,Idle,0.10404831916093826,0.1659763753414154,1.7269562874699274e-05,nan,19.145734786987305,10.1.10.55,Idle,0.11543825268745422,0.07226467877626419,8.342108248952095e-06,nan,19.31974983215332,10.1.10.56,Idle,0.10588158667087555,0.3493250012397766,3.698708539507312e-05,nan,19.382295608520508,10.1.10.57,Idle,0.10486841946840286,0.20025688409805298,2.1000622923029953e-05,nan,19.189908981323242,10.1.10.58,Idle,3.006485939025879,0.2544820010662079,0.0007650965579407228,nan,22.44870948791504,10.1.10.59,Idle,0.09752600640058517,0.2638463079929352,2.5731876722089764e-05,nan,18.81298065185547,10.1.10.60,Idle,0.11599858850240707,0.38720762729644775,4.491553822375405e-05,nan,19.21240997314453,0.0
2025-10-15 19:01:40,10.1.10.53,Idle,0.1530723124742508,0.31593623757362366,4.836109047980885e-05,nan,19.30137825012207,10.1.10.54,Idle,0.10385733842849731,0.16870622336864471,1.7521379335390997e-05,nan,19.14552879333496,10.1.10.55,Idle,0.11474832892417908,0.07848171889781952,9.005646094621955e-06,nan,19.31644630432129,10.1.10.56,Idle,0.10562749207019806,0.3454238176345825,3.6486251558054406e-05,nan,19.38477325439453,10.1.10.57,Idle,0.10503851622343063,0.1994532197713852,2.095027026077212e-05,nan,19.188671112060547,10.1.10.58,Idle,2.97568941116333,0.2529089152812958,0.0007525783811913556,nan,22.44313621520996,10.1.10.59,Idle,0.09750404208898544,0.26366734504699707,2.570863190895345e-05,nan,18.80864715576172,10.1.10.60,Idle,0.11628497391939163,0.39194774627685547,4.557763345356847e-05,nan,19.20848846435547,0.0
2025-10-15 19:01:50,10.1.10.53,Idle,0.15278366208076477,0.3214070796966553,4.910575065473921e-05,nan,19.299726486206055,10.1.10.54,Idle,0.10420849919319153,0.16717460751533508,1.7421014952383906e-05,nan,19.145116806030273,10.1.10.55,Idle,0.11478864401578903,0.07390463352203369,8.483412668478074e-06,nan,19.310461044311523,10.1.10.56,Idle,0.10575126111507416,0.34845271706581116,3.684931426868365e-05,nan,19.38477325439453,10.1.10.57,Idle,0.10464506596326828,0.20484857261180878,2.1436392393444082e-05,nan,19.1864013671875,10.1.10.58,Idle,2.9450576305389404,0.25407999753952026,0.0007482802355210793,nan,22.433021545410156,10.1.10.59,Idle,0.09791316837072372,0.2614710032939911,2.5601454369586607e-05,nan,18.808439254760742,10.1.10.60,Idle,0.11671105772256851,0.39829373359680176,4.648528293235365e-05,nan,19.204153060913086,0.0
2025-10-15 19:01:59,10.1.10.53,Idle,0.15249840915203094,0.32159891724586487,4.904332326501004e-05,nan,19.29848861694336,10.1.10.54,Idle,0.10392743349075317,0.16514210402965546,1.716279503306506e-05,nan,19.144290924072266,10.1.10.55,Idle,0.1150699257850647,0.07173231989145279,8.254232726299992e-06,nan,19.307571411132812,10.1.10.56,Idle,0.10580276697874069,0.3516446053981781,3.7204972244274656e-05,nan,19.386011123657227,10.1.10.57,Idle,0.1049940213561058,0.20135249197483063,2.114080784251049e-05,nan,19.183923721313477,10.1.10.58,Idle,2.914787530899048,0.2483324110507965,0.0007238362152489586,nan,22.425796508789062,10.1.10.59,Idle,0.09759308397769928,0.2582007944583893,2.5198611816686257e-05,nan,18.808853149414062,10.1.10.60,Idle,0.11643058061599731,0.3802003860473633,4.4266951697920834e-05,nan,19.200231552124023,0.0
2025-10-15 19:02:08,10.1.10.53,Idle,0.15294253826141357,0.32608649134635925,4.987249567927066e-05,nan,19.295804977416992,10.1.10.54,Idle,0.10423992574214935,0.16796427965164185,1.7508584038220752e-05,nan,19.145116806030273,10.1.10.55,Idle,0.11495529115200043,0.07363473623991013,8.464702543359626e-06,nan,19.303442001342773,10.1.10.56,Idle,0.10559667646884918,0.355951189994812,3.758726264858403e-05,nan,19.3895206451416,10.1.10.57,Idle,0.10459451377391815,0.20215129852294922,2.114391677777405e-05,nan,19.18124008178711,10.1.10.58,Idle,2.8853721618652344,0.25111716985702515,0.0007245664912718439,nan,22.419811248779297,10.1.10.59,Idle,0.09709742665290833,0.2605569362640381,2.5299408007803947e-05,nan,18.80864715576172,10.1.10.60,Idle,0.11687862128019333,0.3908616006374359,4.5683364993873046e-05,nan,19.197341918945312,0.0
2025-10-15 19:02:17,10.1.10.53,Idle,0.15288013219833374,0.33300289511680603,5.090952662788517e-05,nan,19.294153213500977,10.1.10.54,Idle,0.10408472269773483,0.1674264818429947,1.742653893488544e-05,nan,19.14408302307129,10.1.10.55,Idle,0.11461383104324341,0.07666163891553879,8.786484130163696e-06,nan,19.300140380859375,10.1.10.56,Idle,0.105646513402462,0.35261034965515137,3.725205403068976e-05,nan,19.390966415405273,10.1.10.57,Idle,0.10525604337453842,0.2035599797964096,2.1425918062771054e-05,nan,19.1804141998291,10.1.10.58,Idle,2.8583719730377197,0.25214070081710815,0.0007207119124777109,nan,22.41238021850586,10.1.10.59,Idle,0.09774157404899597,0.26146212220191956,2.5555719378206555e-05,nan,18.80678939819336,10.1.10.60,Idle,0.11637767404317856,0.3934716284275055,4.57913129183749e-05,nan,19.19445037841797,0.0
2025-10-15 19:02:27,10.1.10.53,Idle,0.15270698070526123,0.3303854167461395,5.045215946035242e-05,nan,19.29332733154297,10.1.10.54,Idle,0.10430184006690979,0.16706624627113342,1.7425316899150723e-05,nan,19.14449691772461,10.1.10.55,Idle,0.11490347981452942,0.07064758986234665,8.1176539156933e-06,nan,19.29559898376465,10.1.10.56,Idle,0.1054140254855156,0.3548215627670288,3.740316926033405e-05,nan,19.393442153930664,10.1.10.57,Idle,0.10489806532859802,0.20761127769947052,2.1778021371072765e-05,nan,19.178144454956055,10.1.10.58,Idle,2.8302345275878906,0.25299468636512756,0.0007160342966468534,nan,22.4045352935791,10.1.10.59,Idle,0.09745414555072784,0.2584255039691925,2.5184636677833882e-05,nan,18.809059143066406,10.1.10.60,Idle,0.11691541969776154,0.38480237126350403,4.4989330736966425e-05,nan,19.19114875793457,0.0
2025-10-15 19:02:36,10.1.10.53,Idle,0.1524990200996399,0.33067187666893005,5.042713716652081e-05,nan,19.293947219848633,10.1.10.54,Idle,0.10434278845787048,0.17074643075466156,1.7816158704170082e-05,nan,19.1436710357666,10.1.10.55,Idle,0.11516623198986053,0.06811245530843735,7.844254829450503e-06,nan,19.293121337890625,10.1.10.56,Idle,0.10615096241235733,0.35409167408943176,3.758717198679595e-05,nan,19.39323616027832,10.1.10.57,Idle,0.1048794612288475,0.20284634828567505,2.1274415720440755e-05,nan,19.17649269104004,10.1.10.58,Idle,2.803623914718628,0.2502070963382721,0.0007014865989262873,nan,22.396072387695312,10.1.10.59,Idle,0.09750786423683167,0.26162680983543396,2.551067145414887e-05,nan,18.80678939819336,10.1.10.60,Idle,0.11641733348369598,0.3862052857875824,4.4960989548699095e-05,nan,19.18701934814453,0.0
2025-10-15 19:02:45,10.1.10.53,Idle,0.15269538760185242,0.3165489435195923,4.833556362568103e-05,nan,19.292709350585938,10.1.10.54,Idle,0.10435768961906433,0.164396733045578,1.7156063241558606e-05,nan,19.142845153808594,10.1.10.55,Idle,0.11478974670171738,0.07309751957654953,8.390845756715948e-06,nan,19.288991928100586,10.1.10.56,Idle,0.10602130740880966,0.3503471314907074,3.714426092757095e-05,nan,19.394062042236328,10.1.10.57,Idle,0.1050642654299736,0.20637787878513336,2.168294023555617e-05,nan,19.173189163208008,10.1.10.58,Idle,2.7772679328918457,0.24734175205230713,0.0006869343164401584,nan,22.389467239379883,10.1.10.59,Idle,0.09738273173570633,0.25999629497528076,2.5319149445855338e-05,nan,18.80740737915039,10.1.10.60,Idle,0.11663385480642319,0.391288161277771,4.563744658994384e-05,nan,19.184955596923828,0.0
2025-10-15 19:02:54,10.1.10.53,Idle,0.15236449241638184,0.31566834449768066,4.8096647081308676e-05,nan,19.290437698364258,10.1.10.54,Idle,0.10364938527345657,0.1680823564529419,1.7421632921661432e-05,nan,19.140575408935547,10.1.10.55,Idle,0.1150837317109108,0.06987593322992325,8.041583152882004e-06,nan,19.286102294921875,10.1.10.56,Idle,0.10586348176002502,0.35128891468048096,3.718866761177608e-05,nan,19.39509391784668,10.1.10.57,Idle,0.1050930991768837,0.19939173758029938,2.095469565257757e-05,nan,19.171951293945312,10.1.10.58,Idle,2.750314950942993,0.2509550452232361,0.0006902054128920411,nan,22.38286018371582,10.1.10.59,Idle,0.09740146994590759,0.2637665271759033,2.5691247469460165e-05,nan,18.806995391845703,10.1.10.60,Idle,0.11647652089595795,0.39162981510162354,4.56156783421644e-05,nan,19.183509826660156,0.0
2025-10-15 19:03:04,10.1.10.53,Idle,0.1527724713087082,0.32615453004837036,4.9827433584019866e-05,nan,19.287960052490234,10.1.10.54,Idle,0.10402210801839828,0.16600638628005981,1.7268334245368333e-05,nan,19.139129638671875,10.1.10.55,Idle,0.11435550451278687,0.07516778260469437,8.595849702867308e-06,nan,19.282180786132812,10.1.10.56,Idle,0.10558197647333145,0.3474385738372803,3.6683251328815555e-05,nan,19.39447593688965,10.1.10.57,Idle,0.10522452741861343,0.20181620121002197,2.1236014397744364e-05,nan,19.168853759765625,10.1.10.58,Idle,2.725188970565796,0.2549162805080414,0.0006946950360581709,nan,22.37625503540039,10.1.10.59,Idle,0.09698659926652908,0.2568192780017853,2.4908028399478477e-05,nan,18.80864715576172,10.1.10.60,Idle,0.11672138422727585,0.3855711817741394,4.5004402054824144e-05,nan,19.179176330566406,0.0
2025-10-15 19:03:13,10.1.10.53,Idle,0.15276047587394714,0.32779109477996826,5.007352362583006e-05,nan,19.28775405883789,10.1.10.54,Idle,0.10425639152526855,0.1660161018371582,1.730823971263362e-05,nan,19.14036750793457,10.1.10.55,Idle,0.11432574689388275,0.07729092240333557,8.836342431878475e-06,nan,19.27887725830078,10.1.10.56,Idle,0.10555195063352585,0.3492667078971863,3.68657823098979e-05,nan,19.39509391784668,10.1.10.57,Idle,0.1049136146903038,0.2018108069896698,2.1172701244853485e-05,nan,19.166378021240234,10.1.10.58,Idle,2.698460578918457,0.25121092796325684,0.0006778827861023729,nan,22.368412017822266,10.1.10.59,Idle,0.09738051891326904,0.26469916105270386,2.5776541659219277e-05,nan,18.809059143066406,10.1.10.60,Idle,0.11688950657844543,0.3934701681137085,4.599253380414936e-05,nan,19.175046920776367,0.0
2025-10-15 19:03:22,10.1.10.53,Idle,0.15243107080459595,0.3214050531387329,4.899211641194512e-05,nan,19.28631019592285,10.1.10.54,Idle,0.10401936620473862,0.16389840841293335,1.7048608565078725e-05,nan,19.140161514282227,10.1.10.55,Idle,0.11483351141214371,0.07193445414304733,8.260485960761954e-06,nan,19.277433395385742,10.1.10.56,Idle,0.10568641126155853,0.3486657440662384,3.6849231220201784e-05,nan,19.395713806152344,10.1.10.57,Idle,0.1050650104880333,0.2024083435535431,2.1266034738318453e-05,nan,19.165138244628906,10.1.10.58,Idle,2.673863649368286,0.25376665592193604,0.000678537436691414,nan,22.362424850463867,10.1.10.59,Idle,0.09760963171720505,0.26193273067474365,2.5567157375843586e-05,nan,18.80554962158203,10.1.10.60,Idle,0.1168908104300499,0.39569368958473206,4.6252956057615925e-05,nan,19.171951293945312,0.0
